"range","species","type","o_cells","u_cells","rr_cells","pr_cells","pol_fill","equ_fill","realm","source","range_area_km2","lat_mp","ctmax","ctmin"
"Agkistrodon_contortrix_IUCN","Agkistrodon_contortrix","Te",106,123,274,291,0.814814814814815,0.523206751054852,"Terrestrial","IUCN",2316042,35.4443343135,40.6,6.9
"Agroeca_proxima_GBIF","Agroeca_proxima","Te",26,2309,328,2611,0.281553398058252,0.0767110702802021,"Terrestrial","GBIF",1939661,58.2217643426921,37.4,-6.7
"Ameiva_festiva_GBIF","Ameiva_festiva","Te",22,797,71,846,0.5,0.0336658354114713,"Terrestrial","GBIF",715062,11.3049943135829,43.7,15.5
"Amphibolurus_muricatus_GBIF","Amphibolurus_muricatus","Te",13,566,104,657,0.6125,0.072790294627383,"Terrestrial","GBIF",962669,-32.9493709353914,42.3,3
"Amphibolurus_muricatus_IUCN","Amphibolurus_muricatus","Te",13,597,73,657,0.251162790697674,0.0167364016736402,"Terrestrial","IUCN",595237,-29.2588498495,42.3,3
"Anolis_barbouri_GBIF","Anolis_barbouri","Te",1,58,3,60,0.111111111111111,0.0408163265306122,"Terrestrial","GBIF",10127,18.374260864788,34.9,11.7
"Anolis_barbouri_GARD","Anolis_barbouri","Te",3,57,6,60,0.166666666666667,0.0612244897959184,"Terrestrial","GARD",12038,18.525,34.9,11.7
"Anolis_carolinensis_IUCN","Anolis_carolinensis","Te",111,147,140,176,0.608695652173913,0.0980392156862745,"Terrestrial","IUCN",1182018,27.2041163755001,41.7,4.7
"Anolis_cooki_GBIF","Anolis_cooki","Te",0,89,0,89,NA,NA,"Terrestrial","GBIF",518,17.966031575893,38.8,9.3
"Anolis_cooki_GARD","Anolis_cooki","Te",0,89,0,89,NA,NA,"Terrestrial","GARD",557,17.9786522823062,38.8,9.3
"Anolis_cristatellus_GARD","Anolis_cristatellus","Te",0,85,0,85,NA,NA,"Terrestrial","GARD",9439,18.3201332092285,37.1,8.9
"Anolis_cristatellus_GBIF","Anolis_cristatellus","Te",1,85,1,85,NA,NA,"Terrestrial","GBIF",10238,18.2043655641705,37.1,8.9
"Anolis_cupreus_GARD","Anolis_cupreus","Te",5,74,16,85,0.0983606557377049,0.269230769230769,"Terrestrial","GARD",119269,12.6334208137196,38.4,11.8
"Anolis_cupreus_GBIF","Anolis_cupreus","Te",9,52,42,85,0.423728813559322,0.307692307692308,"Terrestrial","GBIF",449052,13.1360424761767,38.4,11.8
"Anolis_gundlachi_GBIF","Anolis_gundlachi","Te",0,65,0,65,NA,NA,"Terrestrial","GBIF",7283,18.191452980121,35.7,6.3
"Anolis_gundlachi_GARD","Anolis_gundlachi","Te",0,65,0,65,NA,NA,"Terrestrial","GARD",6382,18.2442308321046,35.7,6.3
"Anolis_humilis_GARD","Anolis_humilis","Te",1,57,9,65,0.0576923076923077,0.384615384615385,"Terrestrial","GARD",65157,8.87777278201004,35.6,12.4
"Anolis_humilis_GBIF","Anolis_humilis","Te",1,56,10,65,0.06,0.4,"Terrestrial","GBIF",58560,9.73818284477619,35.6,12.4
"Anolis_intermedius_GARD","Anolis_intermedius","Te",0,82,3,85,0.0303030303030303,0.0526315789473684,"Terrestrial","GARD",4835,10.3250985260093,38.4,11.1
"Anolis_lemurinus_GARD","Anolis_lemurinus","Te",12,954,57,999,0.547169811320755,0.0169133192389006,"Terrestrial","GARD",477488,13.6113918075859,37.3,12.9
"Anolis_limifrons_GARD","Anolis_limifrons","Te",7,1003,22,1018,0.0740740740740741,0.0124352331606218,"Terrestrial","GARD",211406,11.5941038133903,36.8,12.3
"Anolis_limifrons_GBIF","Anolis_limifrons","Te",16,982,69,1035,0.560606060606061,0.0215605749486653,"Terrestrial","GBIF",742107,14.403709873593,36.8,12.3
"Anolis_lionotus_IUCN","Anolis_lionotus","Te",0,63,5,68,0.0655737704918033,0.285714285714286,"Terrestrial","IUCN",25674,8.36645942300004,36.7,14.7
"Anolis_tropidolepis_GARD","Anolis_tropidolepis","Te",2,32,4,34,0.0416666666666667,0.1,"Terrestrial","GARD",6104,10.1904175014915,33.1,9.5
"Anolis_tropidolepis_GBIF","Anolis_tropidolepis","Te",2,32,4,34,0.0416666666666667,0.1,"Terrestrial","GBIF",14299,10.109196849811,33.1,9.5
"Austrelaps_superbus_GBIF","Austrelaps_superbus","Te",8,601,62,655,0.454545454545455,0.0760869565217391,"Terrestrial","GBIF",557010,-38.2434856806662,41.2,3
"Austrelaps_superbus_IUCN","Austrelaps_superbus","Te",4,632,27,655,0.285714285714286,0.0323574730354391,"Terrestrial","IUCN",206108,-39.633471389,41.2,3
"Bassiana_duperreyi_GARD","Bassiana_duperreyi","Te",6,618,45,657,0.454545454545455,0.0569230769230769,"Terrestrial","GARD",337965,-38.709453526715,43.5,3
"Bassiana_duperreyi_GBIF","Bassiana_duperreyi","Te",13,569,101,657,0.838709677419355,0.113207547169811,"Terrestrial","GBIF",897544,-36.4667226187228,43.5,3
"Chamaeleo_dilepis_IUCN","Chamaeleo_dilepis","Te",12,945,941,1874,0.836601307189543,0.385159010600707,"Terrestrial","IUCN",11046310,-10.7012248919999,43.6,7.6
"Chamaeleo_jacksonii_GBIF","Chamaeleo_jacksonii","Te",1,484,18,501,0.031055900621118,0.0531914893617021,"Terrestrial","GBIF",279437,-1.40502075269033,41,5.3
"Clubiona_diversa_GBIF","Clubiona_diversa","Te",1,3014,216,3229,0.0592718035563082,0.07080078125,"Terrestrial","GBIF",1476519,54.1010577453007,41.4,-10.2
"Clubiona_trivialis_GBIF","Clubiona_trivialis","Te",1235,881,1447,1093,0.909090909090909,0.113936927772126,"Terrestrial","GBIF",10420135,54.5491274584246,42.1,-7.4
"Coleonyx_brevis_IUCN","Coleonyx_brevis","Te",60,36,69,45,0.357142857142857,0.129032258064516,"Terrestrial","IUCN",569266,29.1094483615001,41.6,8.5
"Coleonyx_variegatus_IUCN","Coleonyx_variegatus","Te",38,278,76,316,0.122905027932961,0.116788321167883,"Terrestrial","IUCN",580023,30.3067657375,43,7.6
"Cophosaurus_texanus_IUCN","Cophosaurus_texanus","Te",113,29,146,62,0.678571428571429,0.411764705882353,"Terrestrial","IUCN",1137047,29.1468355615,44.4,15.4
"Cordylus_cordylus_IUCN","Cordylus_cordylus","Te",31,1242,35,1246,1,0.00160771704180064,"Terrestrial","IUCN",234620,-32.207730151,41.6,7.5
"Cordylus_niger_IUCN","Cordylus_niger","Te",1,1200,1,1200,NA,NA,"Terrestrial","IUCN",503,-33.6500683035,41,7.4
"Cordylus_niger_GBIF","Cordylus_niger","Te",1,1200,1,1200,NA,NA,"Terrestrial","GBIF",615,-33.6658816861293,41,7.4
"Cordylus_oelofseni_IUCN","Cordylus_oelofseni","Te",3,1262,4,1263,1,0.000791765637371338,"Terrestrial","IUCN",3873,-33.251806207,40.8,6.3
"Crustulina_guttata_GBIF","Crustulina_guttata","Te",150,447,334,631,0.700934579439252,0.235401459854015,"Terrestrial","GBIF",2095099,56.0548917330794,41.8,-8
"Ctenophorus_decresii_GBIF","Ctenophorus_decresii","Te",0,589,28,617,0.216216216216216,0.0317460317460317,"Terrestrial","GBIF",185789,-32.9776430351784,43.8,7
"Ctenophorus_decresii_IUCN","Ctenophorus_decresii","Te",0,599,18,617,0.16,0.017636684303351,"Terrestrial","IUCN",112467,-33.0624224695,43.8,7
"Ctenotus_regius_IUCN","Ctenotus_regius","Te",192,134,192,134,NA,NA,"Terrestrial","IUCN",1712767,-29.2979374344999,45.1,8.7
"Ctenotus_regius_GBIF","Ctenotus_regius","Te",205,134,205,134,NA,NA,"Terrestrial","GBIF",1896835,-28.9478066393496,45.1,8.7
"Ctenotus_taeniolatus_IUCN","Ctenotus_taeniolatus","Te",120,57,125,62,1,0.0172413793103448,"Terrestrial","IUCN",1154602,-26.6773791914999,44.7,11.4
"Ctenotus_taeniolatus_GBIF","Ctenotus_taeniolatus","Te",164,58,168,62,1,0.0491803278688525,"Terrestrial","GBIF",1663936,-27.15907098229,44.7,11.4
"Ctenotus_uber_IUCN","Ctenotus_uber","Te",112,113,121,122,0.6,0.0666666666666667,"Terrestrial","IUCN",1060968,-26.1676794195,45.5,9.1
"Ctenotus_uber_GBIF","Ctenotus_uber","Te",422,109,435,122,0.6,0.1,"Terrestrial","GBIF",4315705,-28.4349359637454,45.5,9.1
"Dendrobates_auratus_IUCN","Dendrobates_auratus","Te",0,1141,17,1158,0.056,0.00968054211035818,"Terrestrial","IUCN",116892,13.5207421030001,34.8,9.5
"Desmognathus_fuscus_IUCN","Desmognathus_fuscus","Te",130,202,199,271,0.235294117647059,0.260330578512397,"Terrestrial","IUCN",1548642,38.5751565195,34.9,-2.3
"Dipsosaurus_dorsalis_IUCN","Dipsosaurus_dorsalis","Te",58,70,69,81,0.2,0.121212121212121,"Terrestrial","IUCN",474839,30.5609401835,47.5,14
"Egernia_cunninghami_GBIF","Egernia_cunninghami","Te",19,535,131,647,0.636363636363636,0.104529616724739,"Terrestrial","GBIF",1181913,-32.308779401323,41.9,4.7
"Egernia_cunninghami_IUCN","Egernia_cunninghami","Te",14,608,53,647,0.208955223880597,0.0214424951267057,"Terrestrial","IUCN",288991,-31.3164588369999,41.9,4.7
"Egernia_saxatilis_IUCN","Egernia_saxatilis","Te",6,618,37,649,0.648648648648649,0.011437908496732,"Terrestrial","IUCN",191753,-34.8817618195,41.8,4.5
"Egernia_saxatilis_GBIF","Egernia_saxatilis","Te",14,594,69,649,0.533333333333333,0.0352941176470588,"Terrestrial","GBIF",593613,-33.4596981412861,41.8,4.5
"Egernia_striolata_GBIF","Egernia_striolata","Te",44,400,276,632,0.592783505154639,0.267123287671233,"Terrestrial","GBIF",2727822,-27.9509371417412,44.2,6.1
"Egernia_striolata_IUCN","Egernia_striolata","Te",41,475,198,632,0.411255411255411,0.154613466334165,"Terrestrial","IUCN",1830012,-27.2808403529999,44.2,6.1
"Eleutherodactylus_coqui_IUCN","Eleutherodactylus_coqui","Te",0,389,3,392,0.00769230769230769,0.00757575757575758,"Terrestrial","IUCN",12364,21.954099141,37.2,7.5
"Elgaria_multicarinata_IUCN","Elgaria_multicarinata","Te",34,525,54,545,0.048951048951049,0.0347222222222222,"Terrestrial","IUCN",332751,38.615441149,41.4,2.2
"Eremias_argus_IUCN","Eremias_argus","Te",361,1267,532,1438,0.0743006993006993,0.292517006802721,"Terrestrial","IUCN",4172221,41.4884031755001,44.9,1
"Eremias_brenchleyi_IUCN","Eremias_brenchleyi","Te",23,707,104,788,0.063716814159292,0.201793721973094,"Terrestrial","IUCN",927318,35.5924158100001,43.6,3.4
"Eremias_multiocellata_GBIF","Eremias_multiocellata","Te",373,559,373,559,NA,NA,"Terrestrial","GBIF",3628178,42.2027268315594,41.1,9
"Eremias_multiocellata_IUCN","Eremias_multiocellata","Te",153,42,153,42,NA,NA,"Terrestrial","IUCN",907461,47.168057483,41.1,9
"Eremiascincus_fasciolatus_IUCN","Eremiascincus_fasciolatus","Te",42,115,50,123,0.5,0.0504201680672269,"Terrestrial","IUCN",434768,-23.202842195,41.2,9
"Eremiascincus_fasciolatus_GBIF","Eremiascincus_fasciolatus","Te",470,21,572,123,1,0.766666666666667,"Terrestrial","GBIF",6010004,-24.5922414491592,41.2,9
"Eremiascincus_richardsoni_GBIF","Eremiascincus_richardsoni","Te",438,27,595,184,1,0.834355828220859,"Terrestrial","GBIF",6214056,-25.3522748898709,42,7.3
"Eulamprus_heatwolei_IUCN","Eulamprus_heatwolei","Te",14,508,33,527,0.377777777777778,0.00803212851405622,"Terrestrial","IUCN",159610,-34.2702558534999,39.5,5.3
"Eulamprus_kosciuskoi_IUCN","Eulamprus_kosciuskoi","Te",6,60,14,68,0.153846153846154,0.0930232558139535,"Terrestrial","IUCN",30782,-32.888888365,40.2,2.5
"Eulamprus_kosciuskoi_GBIF","Eulamprus_kosciuskoi","Te",9,50,27,68,0.346153846153846,0.214285714285714,"Terrestrial","GBIF",381317,-32.943777927296,40.2,2.5
"Eulamprus_quoyii_IUCN","Eulamprus_quoyii","Te",36,473,120,557,0.277056277056277,0.068870523415978,"Terrestrial","IUCN",1004307,-27.003083467,39.8,6
"Eulamprus_quoyii_GBIF","Eulamprus_quoyii","Te",38,392,203,557,0.484536082474227,0.208020050125313,"Terrestrial","GBIF",1994465,-29.4089134883055,39.8,6
"Eulamprus_tympanum_IUCN","Eulamprus_tympanum","Te",4,458,34,488,0.590909090909091,0.0153508771929825,"Terrestrial","IUCN",243224,-35.9448393169999,39,2.5
"Eulamprus_tympanum_GBIF","Eulamprus_tympanum","Te",9,372,125,488,0.695121951219512,0.163934426229508,"Terrestrial","GBIF",1165330,-33.8886181650911,39,2.5
"Eurycea_bislineata_IUCN","Eurycea_bislineata","Te",57,817,166,926,0.196610169491525,0.080824088748019,"Terrestrial","IUCN",1198568,44.3903927350001,35,-2
"Gehyra_variegata_GBIF","Gehyra_variegata","Te",414,70,675,331,0.983333333333333,0.766891891891892,"Terrestrial","GBIF",7351200,-23.9886255046315,43.8,6
"Gehyra_variegata_IUCN","Gehyra_variegata","Te",124,212,176,264,0.4,0.188976377952756,"Terrestrial","IUCN",1712604,-26.9579412934999,43.8,6
"Hemachatus_haemachatus_IUCN","Hemachatus_haemachatus","Te",19,1653,63,1697,1,0.0125448028673835,"Terrestrial","IUCN",392531,-29.7209011155,43.1,3.7
"Hemidactylus_frenatus_IUCN","Hemidactylus_frenatus","Te",255,43,695,483,0.847328244274809,0.986842105263158,"Terrestrial","IUCN",7536266,1.41776943200003,42.4,11.9
"Hemidactylus_turcicus_IUCN","Hemidactylus_turcicus","Te",145,1844,213,1912,0.362068965517241,0.0253505933117584,"Terrestrial","IUCN",1272674,29.275785593,41.1,10.5
"Hemiergis_decresiensis_IUCN","Hemiergis_decresiensis","Te",1,467,22,488,0.294117647058824,0.0242290748898678,"Terrestrial","IUCN",129271,-34.25137654,39.3,6.8
"Hemiergis_peroni_GBIF","Hemiergis_peroni","Te",75,51,75,51,NA,NA,"Terrestrial","GBIF",583638,-34.5230391405754,38.6,9.6
"Heteronotia_binoei_IUCN","Heteronotia_binoei","Te",532,62,637,167,0.984375,0.407766990291262,"Terrestrial","IUCN",6908491,-22.6670889624999,40.6,9.6
"Heteronotia_binoei_GBIF","Heteronotia_binoei","Te",563,62,668,167,0.984375,0.407766990291262,"Terrestrial","GBIF",7259293,-23.1327539547944,40.6,9.6
"Lacerta_agilis_IUCN","Lacerta_agilis","Te",1451,203,1482,234,0.294117647058824,0.129464285714286,"Terrestrial","IUCN",10035379,50.589335593,43.9,5.9
"Lampropholis_delicata_GBIF","Lampropholis_delicata","Te",52,389,375,712,0.57703081232493,0.329577464788732,"Terrestrial","GBIF",3950065,-24.9332591049673,40.8,4.7
"Lampropholis_delicata_IUCN","Lampropholis_delicata","Te",35,563,110,638,0.239766081871345,0.0753968253968254,"Terrestrial","IUCN",944506,-29.583265889,40.8,4.7
"Lampropholis_guichenoti_GBIF","Lampropholis_guichenoti","Te",12,531,140,659,0.707317073170732,0.121317157712305,"Terrestrial","GBIF",1345448,-33.4735321814006,41.3,2.5
"Lampropholis_guichenoti_IUCN","Lampropholis_guichenoti","Te",14,587,86,659,0.585365853658537,0.0415944540727903,"Terrestrial","IUCN",658209,-32.1557114269999,41.3,2.5
"Lepidodactylus_lugubris_GARD","Lepidodactylus_lugubris","Te",172,665,705,1198,0.618968386023295,0.269681742043551,"Terrestrial","GARD",7538631,0.02807778496183,40.2,11.5
"Lepidophyma_flavimaculatum_IUCN","Lepidophyma_flavimaculatum","Te",8,73,43,108,0.294871794871795,0.405405405405405,"Terrestrial","IUCN",259316,14.437206218,38,11.3
"Linepithema_humile_GBIF","Linepithema_humile","Te",23,967,437,1381,0.93939393939394,0.206810631229236,"Terrestrial","GBIF",4310254,-29.7497418597388,37.7,-0.1
"Liolaemus_abaucan_IUCN","Liolaemus_abaucan","Te",1,323,1,323,NA,NA,"Terrestrial","IUCN",1409,-27.5177749944999,47.3,15.41
"Liolaemus_albiceps_IUCN","Liolaemus_albiceps","Te",0,159,1,160,0.0222222222222222,0.00840336134453781,"Terrestrial","IUCN",686,-24.248600387,44.33,7.05
"Liolaemus_bibronii_IUCN","Liolaemus_bibronii","Te",50,1286,50,1286,NA,NA,"Terrestrial","IUCN",295599,-44.6722253445,44.53,8.49
"Liolaemus_bibronii_GBIF","Liolaemus_bibronii","Te",81,1271,96,1286,0.260869565217391,0.00557768924302789,"Terrestrial","GBIF",722673,-39.9166231665576,44.53,8.49
"Liolaemus_boulengeri_GBIF","Liolaemus_boulengeri","Te",81,865,87,871,0.666666666666667,0.0046029919447641,"Terrestrial","GBIF",813939,-41.396187524773,43.99,9.4
"Liolaemus_boulengeri_IUCN","Liolaemus_boulengeri","Te",18,871,18,871,NA,NA,"Terrestrial","IUCN",84512,-43.5916641994999,43.99,9.4
"Liolaemus_canqueli_IUCN","Liolaemus_canqueli","Te",6,782,6,782,NA,NA,"Terrestrial","IUCN",14866,-43.9997479225,44.6,6.99
"Liolaemus_capillitas_IUCN","Liolaemus_capillitas","Te",0,162,4,166,0.0571428571428571,0.0152671755725191,"Terrestrial","IUCN",5851,-27.1254681725,43.7,7.47
"Liolaemus_chacoensis_IUCN","Liolaemus_chacoensis","Te",17,803,35,821,0.611111111111111,0.0123609394313968,"Terrestrial","IUCN",375206,-27.0893977199999,44.1,14.9
"Liolaemus_cuyanus_IUCN","Liolaemus_cuyanus","Te",9,913,17,921,0.16,0.00662983425414365,"Terrestrial","IUCN",63024,-32.8253007105,45.7,12
"Liolaemus_darwinii_GBIF","Liolaemus_darwinii","Te",45,1214,78,1247,0.26027397260274,0.0119250425894378,"Terrestrial","GBIF",596832,-33.8661772285365,44.68,10.11
"Liolaemus_darwinii_IUCN","Liolaemus_darwinii","Te",53,1231,69,1247,0.188679245283019,0.00742574257425743,"Terrestrial","IUCN",396964,-36.6733767835,44.68,10.11
"Liolaemus_dorbignyi_IUCN","Liolaemus_dorbignyi","Te",0,127,1,128,0.0416666666666667,0.0091743119266055,"Terrestrial","IUCN",595,-27.4920304795,43.91,8.83
"Liolaemus_elongatus_IUCN","Liolaemus_elongatus","Te",28,944,28,944,NA,NA,"Terrestrial","IUCN",150565,-41.6673427825,45.1,7.68
"Liolaemus_elongatus_GBIF","Liolaemus_elongatus","Te",66,907,103,944,0.842105263157895,0.0279269602577873,"Terrestrial","GBIF",836422,-38.8911185436146,45.1,7.68
"Liolaemus_fitzingerii_IUCN","Liolaemus_fitzingerii","Te",2,1263,2,1263,NA,NA,"Terrestrial","IUCN",792,-44.9019719375,44.45,8.24
"Liolaemus_irregularis_IUCN","Liolaemus_irregularis","Te",0,158,2,160,0.0222222222222222,0.00869565217391304,"Terrestrial","IUCN",1867,-23.8911176029999,44.98,6.96
"Liolaemus_kingii_IUCN","Liolaemus_kingii","Te",34,1310,34,1310,NA,NA,"Terrestrial","IUCN",210999,-46.3966257265,44.5,7.01
"Liolaemus_kingii_GBIF","Liolaemus_kingii","Te",58,1310,58,1310,NA,NA,"Terrestrial","GBIF",432208,-46.4115282896415,44.5,7.01
"Liolaemus_koslowskyi_IUCN","Liolaemus_koslowskyi","Te",1,428,6,433,0.230769230769231,0.00943396226415094,"Terrestrial","IUCN",15792,-28.132707021,46.1,13.22
"Liolaemus_kriegi_IUCN","Liolaemus_kriegi","Te",13,435,13,435,NA,NA,"Terrestrial","IUCN",56163,-40.4757320209999,43.67,7.6
"Liolaemus_laurenti_IUCN","Liolaemus_laurenti","Te",3,440,7,444,0.125,0.00688073394495413,"Terrestrial","IUCN",8118,-30.4094503094999,46.18,12.2
"Liolaemus_laurenti_GBIF","Liolaemus_laurenti","Te",12,427,29,444,0.733333333333333,0.013986013986014,"Terrestrial","GBIF",229823,-30.7610738686825,46.18,12.2
"Liolaemus_melanops_IUCN","Liolaemus_melanops","Te",8,1325,10,1327,0.333333333333333,0.000755287009063444,"Terrestrial","IUCN",38331,-42.588626478,44.94,5.65
"Liolaemus_multicolor_IUCN","Liolaemus_multicolor","Te",0,155,6,161,0.0625,0.0265486725663717,"Terrestrial","IUCN",28576,-23.012822127,44.7,8.06
"Liolaemus_multimaculatus_IUCN","Liolaemus_multimaculatus","Te",6,374,6,374,NA,NA,"Terrestrial","IUCN",3649,-38.728022549,43.83,8.93
"Liolaemus_olongasta_IUCN","Liolaemus_olongasta","Te",4,398,8,402,0.25,0.00753768844221105,"Terrestrial","IUCN",24810,-30.7457156905,44.58,11.85
"Liolaemus_petrophilus_IUCN","Liolaemus_petrophilus","Te",17,949,20,952,1,0.00315126050420168,"Terrestrial","IUCN",96396,-42.934182997,45.23,7.31
"Liolaemus_poecilochromus_GBIF","Liolaemus_poecilochromus","Te",26,109,58,141,0.210526315789474,0.238095238095238,"Terrestrial","GBIF",539905,-19.3358345281776,44.16,9.35
"Liolaemus_poecilochromus_IUCN","Liolaemus_poecilochromus","Te",0,137,4,141,0.0666666666666667,0.018018018018018,"Terrestrial","IUCN",10167,-26.3318233595,44.16,9.35
"Liolaemus_pseudoanomalus_IUCN","Liolaemus_pseudoanomalus","Te",0,213,6,219,0.25,0.0191387559808612,"Terrestrial","IUCN",27880,-28.2579329684999,45.93,12.19
"Liolaemus_quilmes_IUCN","Liolaemus_quilmes","Te",0,247,3,250,0.04,0.005,"Terrestrial","IUCN",7935,-26.3643173055,44.69,8.46
"Liolaemus_quilmes_GBIF","Liolaemus_quilmes","Te",0,246,4,250,0.0425531914893617,0.00985221674876847,"Terrestrial","GBIF",12069,-26.6851712712983,44.69,8.46
"Liolaemus_riojanus_IUCN","Liolaemus_riojanus","Te",3,671,7,675,0.15,0.00301659125188537,"Terrestrial","IUCN",14046,-31.139950122,45.2,10.7
"Liolaemus_robertmertensi_IUCN","Liolaemus_robertmertensi","Te",0,504,5,509,0.333333333333333,0.00597609561752988,"Terrestrial","IUCN",19952,-27.6282195804999,43,14.07
"Liolaemus_rothi_IUCN","Liolaemus_rothi","Te",5,626,17,638,0.375,0.012779552715655,"Terrestrial","IUCN",77654,-39.75285205,43.8,5.5
"Liolaemus_rothi_GBIF","Liolaemus_rothi","Te",13,613,38,638,0.666666666666667,0.0271565495207668,"Terrestrial","GBIF",253021,-39.9016243781565,43.8,5.5
"Liolaemus_salinicola_IUCN","Liolaemus_salinicola","Te",0,193,4,197,0.333333333333333,0.0104712041884817,"Terrestrial","IUCN",6749,-27.8639966784999,48.21,14.2
"Liolaemus_scapularis_IUCN","Liolaemus_scapularis","Te",0,240,3,243,0.024390243902439,0.0099009900990099,"Terrestrial","IUCN",6550,-26.6782646765,45.57,9.39
"Liolaemus_telsen_IUCN","Liolaemus_telsen","Te",7,441,7,441,NA,NA,"Terrestrial","IUCN",21208,-41.733879623,44.6,8.98
"Liolaemus_xanthoviridis_IUCN","Liolaemus_xanthoviridis","Te",5,1078,5,1078,NA,NA,"Terrestrial","IUCN",5726,-44.331013589,44.48,7.86
"Lophognathus_gilberti_IUCN","Lophognathus_gilberti","Te",4,537,120,653,0.0984251968503937,0.524096385542169,"Terrestrial","IUCN",1134068,-17.9194482535,41.8,2.7
"Moloch_horridus_GBIF","Moloch_horridus","Te",39,195,374,530,0.704035874439462,0.579804560260586,"Terrestrial","GBIF",3892142,-26.3102415920092,42.5,3.5
"Moloch_horridus_IUCN","Moloch_horridus","Te",36,274,292,530,0.533596837944664,0.452768729641694,"Terrestrial","IUCN",2821699,-25.8645287455,42.5,3.5
"Nannoscincus_maccoyi_GBIF","Nannoscincus_maccoyi","Te",5,255,50,300,0.821428571428571,0.0808823529411765,"Terrestrial","GBIF",439857,-36.1757268846015,37,4
"Niveoscincus_metallicus_GBIF","Niveoscincus_metallicus","Te",8,521,52,565,0.545454545454545,0.0734767025089606,"Terrestrial","GBIF",449076,-38.5273347957212,39.6,2.7
"Niveoscincus_metallicus_GARD","Niveoscincus_metallicus","Te",4,557,12,565,0.5,0.00894454382826476,"Terrestrial","GARD",92426,-40.4485801420487,39.6,2.7
"Niveoscincus_ocellatus_GBIF","Niveoscincus_ocellatus","Te",4,609,6,611,0.2,0.00165016501650165,"Terrestrial","GBIF",45571,-41.4976387024141,40.1,3
"Niveoscincus_ocellatus_GARD","Niveoscincus_ocellatus","Te",4,608,7,611,0.4,0.00329489291598023,"Terrestrial","GARD",56356,-41.9001072418441,40.1,3
"Notechis_scutatus_IUCN","Notechis_scutatus","Te",16,299,98,381,0.765625,0.10410094637224,"Terrestrial","IUCN",644873,-34.1724236785,38,2.2
"Oedothorax_apicatus_GBIF","Oedothorax_apicatus","Te",1,2618,230,2847,0.133136094674556,0.0640257945647167,"Terrestrial","GBIF",1500931,56.9490760621602,40.8,-7.5
"Pardosa_nigriceps_GBIF","Pardosa_nigriceps","Te",8,2547,234,2773,0.232905982905983,0.0507592190889371,"Terrestrial","GBIF",1413322,58.7839663596746,39.7,-7.2
"Philodromus_aureolus_GBIF","Philodromus_aureolus","Te",1,2957,346,3302,0.107400722021661,0.101480836236934,"Terrestrial","GBIF",2432361,55.7352148693996,42.1,-10.8
"Phrynosoma_cornutum_IUCN","Phrynosoma_cornutum","Te",86,109,186,209,0.46875,0.493827160493827,"Terrestrial","IUCN",1801830,31.469849648,47.9,9.5
"Phymaturus_antofagastensis_IUCN","Phymaturus_antofagastensis","Te",1,114,4,117,0.125,0.0099009900990099,"Terrestrial","IUCN",671,-26.9898155065,41.4,11.8
"Phymaturus_dorsimaculatus_IUCN","Phymaturus_dorsimaculatus","Te",2,205,2,205,NA,NA,"Terrestrial","IUCN",1275,-37.8226289335,41.9,10.5
"Phymaturus_indistinctus_IUCN","Phymaturus_indistinctus","Te",1,738,1,738,NA,NA,"Terrestrial","IUCN",493,-45.438529748,44.7,7
"Phymaturus_palluma_IUCN","Phymaturus_palluma","Te",5,269,5,269,NA,NA,"Terrestrial","IUCN",14611,-34.711029082,44.6,11.5
"Phymaturus_patagonicus_GARD","Phymaturus_patagonicus","Te",8,686,8,686,NA,NA,"Terrestrial","GARD",59315,-43.4863621095636,39.9,9.8
"Phymaturus_somuncurensis_IUCN","Phymaturus_somuncurensis","Te",2,416,2,416,NA,NA,"Terrestrial","IUCN",6299,-41.4671321835,42.8,5.7
"Phymaturus_tenebrosus_GBIF","Phymaturus_tenebrosus","Te",4,427,4,427,NA,NA,"Terrestrial","GBIF",1758,-40.9479412419269,39.9,9.8
"Phymaturus_tenebrosus_IUCN","Phymaturus_tenebrosus","Te",2,427,2,427,NA,NA,"Terrestrial","IUCN",2046,-40.890719821,39.9,9.8
"Phymaturus_zapalensis_GBIF","Phymaturus_zapalensis","Te",4,348,4,348,NA,NA,"Terrestrial","GBIF",9646,-39.7065451908183,42.4,8.9
"Phymaturus_zapalensis_IUCN","Phymaturus_zapalensis","Te",5,348,5,348,NA,NA,"Terrestrial","IUCN",6475,-39.4286127115,42.4,8.9
"Platysaurus_intermedius_IUCN","Platysaurus_intermedius","Te",16,1438,52,1474,0.472222222222222,0.0132127955493741,"Terrestrial","IUCN",391376,-21.9959567625,44.8,8.8
"Plestiodon_chinensis_IUCN","Plestiodon_chinensis","Te",7,592,229,814,0.519230769230769,0.179054054054054,"Terrestrial","IUCN",2247769,28.0595633365,42.3,6.3
"Plestiodon_elegans_IUCN","Plestiodon_elegans","Te",92,545,316,769,0.583756345177665,0.190559440559441,"Terrestrial","IUCN",3092054,30.7924871925001,41.9,9.3
"Plestiodon_gilberti_IUCN","Plestiodon_gilberti","Te",30,296,41,307,0.0888888888888889,0.0163265306122449,"Terrestrial","IUCN",216396,35.2476718035001,42.3,7.7
"Podarcis_muralis_IUCN","Podarcis_muralis","Te",185,166,254,235,0.844444444444444,0.221153846153846,"Terrestrial","IUCN",1831067,44.084485593,44.2,5.9
"Prinerigone_vagans_GBIF","Prinerigone_vagans","Te",0,508,29,537,0.109090909090909,0.0398126463700234,"Terrestrial","GBIF",193078,51.8532944361072,35.9,-8.1
"Protobothrops_mucrosquamatus_IUCN","Protobothrops_mucrosquamatus","Te",64,634,374,944,0.299349240780911,0.356107660455487,"Terrestrial","IUCN",3572457,28.422616895,38.2,5.3
"Psammodromus_algirus_IUCN","Psammodromus_algirus","Te",8,859,75,926,0.305555555555556,0.0250941028858218,"Terrestrial","IUCN",585059,33.129005226,43.5,7
"Psammodromus_hispanicus_IUCN","Psammodromus_hispanicus","Te",48,53,64,69,0.19047619047619,0.25,"Terrestrial","IUCN",488894,40.273635593,45.5,8.8
"Pseudacris_cadaverina_IUCN","Pseudacris_cadaverina","Te",4,859,14,869,0.0107858243451464,0.0118577075098814,"Terrestrial","IUCN",63751,32.8212265295,36.8,-1.4
"Pseudacris_regilla_IUCN","Pseudacris_regilla","Te",124,723,210,809,0.144615384615385,0.0823754789272031,"Terrestrial","IUCN",1543994,39.4166402815,36.6,-1
"Pseudemoia_entrecasteauxii_GBIF","Pseudemoia_entrecasteauxii","Te",11,563,108,660,0.727272727272727,0.126959247648903,"Terrestrial","GBIF",1017724,-36.8862419382866,42.1,2.5
"Pseudemoia_entrecasteauxii_IUCN","Pseudemoia_entrecasteauxii","Te",10,599,71,660,0.727272727272727,0.0848765432098765,"Terrestrial","IUCN",582019,-37.6590172825,42.1,2.5
"Pseudemoia_spenceri_IUCN","Pseudemoia_spenceri","Te",4,643,24,663,0.485714285714286,0.0141065830721003,"Terrestrial","IUCN",132998,-36.1054946794999,42.3,2.3
"Pseudemoia_spenceri_GBIF","Pseudemoia_spenceri","Te",4,627,40,663,0.553191489361702,0.0270700636942675,"Terrestrial","GBIF",314907,-35.6889149120089,42.3,2.3
"Pseudonaja_textilis_IUCN","Pseudonaja_textilis","Te",24,115,115,206,0.462809917355372,0.408602150537634,"Terrestrial","IUCN",3191160,-25.674035752,42.4,3.5
"Rana_cascadae_IUCN","Rana_cascadae","Te",20,549,31,560,0.0642857142857143,0.00476190476190476,"Terrestrial","IUCN",113889,44.4384598915001,33.6,-1
"Rana_pretiosa_IUCN","Rana_pretiosa","Te",14,751,22,759,0.0909090909090909,0.00559440559440559,"Terrestrial","IUCN",62528,45.0841598285,34.8,-1
"Rankinia_diemensis_IUCN","Rankinia_diemensis","Te",11,621,47,657,0.666666666666667,0.0345911949685535,"Terrestrial","IUCN",332897,-37.0092643385,44.8,3.1
"Saproscincus_mustelina_GBIF","Saproscincus_mustelina","Te",85,66,88,69,0.333333333333333,0.03125,"Terrestrial","GBIF",795127,-32.6951731316229,37.7,6.2
"Sceloporus_graciosus_IUCN","Sceloporus_graciosus","Te",217,203,222,208,0.0588235294117647,0.0198019801980198,"Terrestrial","IUCN",1461397,40.5884107895,43,9.1
"Sceloporus_malachiticus_IUCN","Sceloporus_malachiticus","Te",0,76,17,93,0.159420289855072,0.25,"Terrestrial","IUCN",44000,12.210648116,42.8,9.7
"Sceloporus_merriami_IUCN","Sceloporus_merriami","Te",18,72,26,80,0.151515151515152,0.0833333333333333,"Terrestrial","IUCN",143789,28.6531385135001,41.5,14.1
"Sceloporus_occidentalis_IUCN","Sceloporus_occidentalis","Te",112,428,140,456,0.107142857142857,0.0488505747126437,"Terrestrial","IUCN",1007976,38.4105152680001,44.1,4.8
"Sceloporus_undulatus_IUCN","Sceloporus_undulatus","Te",392,49,481,138,0.888888888888889,0.525773195876289,"Terrestrial","IUCN",4098308,33.6857207805,40.4,11.4
"Sceloporus_variabilis_IUCN","Sceloporus_variabilis","Te",2,210,96,304,0.229268292682927,0.44954128440367,"Terrestrial","IUCN",758205,19.871451299,43.1,10.2
"Scotina_gracilipes_GBIF","Scotina_gracilipes","Te",57,437,164,544,0.708333333333333,0.147177419354839,"Terrestrial","GBIF",1013433,56.1790486938401,41.4,-6.9
"Spea_hammondii_IUCN","Spea_hammondii","Te",11,215,25,229,0.24,0.0392156862745098,"Terrestrial","IUCN",122001,35.2312285305001,40.3,0
"Sphaerodactylus_gaigeae_IUCN","Sphaerodactylus_gaigeae","Te",0,87,0,87,NA,NA,"Terrestrial","IUCN",3302,18.2145555,38.2,12.5
"Sphaerodactylus_klauberi_IUCN","Sphaerodactylus_klauberi","Te",0,79,0,79,NA,NA,"Terrestrial","IUCN",3212,18.272124624,36.3,10.4
"Sphaerodactylus_macrolepis_IUCN","Sphaerodactylus_macrolepis","Te",0,92,0,92,NA,NA,"Terrestrial","IUCN",7942,18.2115835,39.4,11.3
"Sphaerodactylus_nicholsi_IUCN","Sphaerodactylus_nicholsi","Te",0,91,0,91,NA,NA,"Terrestrial","IUCN",1203,18.2252252535,39.5,11.4
"Sphaerodactylus_roosevelti_GBIF","Sphaerodactylus_roosevelti","Te",0,81,0,81,NA,NA,"Terrestrial","GBIF",954,18.0276593325736,39.3,10.5
"Sphaerodactylus_roosevelti_IUCN","Sphaerodactylus_roosevelti","Te",0,81,0,81,NA,NA,"Terrestrial","IUCN",452,17.9632639605,39.3,10.5
"Sphaerodactylus_townsendi_IUCN","Sphaerodactylus_townsendi","Te",0,90,0,90,NA,NA,"Terrestrial","IUCN",1056,18.1736945,42.1,11.4
"Sphenomorphus_incognitus_IUCN","Sphenomorphus_incognitus","Te",43,394,169,520,0.521008403361345,0.159600997506234,"Terrestrial","IUCN",1538455,25.0030408015,39.3,12
"Sphenomorphus_indicus_GBIF","Sphenomorphus_indicus","Te",74,942,477,1345,0.293790546802595,0.323308270676692,"Terrestrial","GBIF",5015540,19.1033525343431,37.6,3.1
"Sphenomorphus_indicus_GARD","Sphenomorphus_indicus","Te",92,872,565,1345,0.351834430856068,0.351063829787234,"Terrestrial","GARD",5904450,19.7723983527519,37.6,3.1
"Sphenomorphus_taiwanensis_GARD","Sphenomorphus_taiwanensis","Te",0,422,3,425,0.0217391304347826,0.00555555555555556,"Terrestrial","GARD",25224,23.6924210402988,37.4,5.9
"Stemonyphantes_lineatus_GBIF","Stemonyphantes_lineatus","Te",36,795,284,1043,0.673611111111111,0.177947598253275,"Terrestrial","GBIF",1841582,55.4341617529814,40.5,-13.3
"Takydromus_hsuehshanensis_IUCN","Takydromus_hsuehshanensis","Te",0,233,1,234,0.0192307692307692,0.00515463917525773,"Terrestrial","IUCN",2460,24.2243269205,43.5,2.5
"Takydromus_septentrionalis_IUCN","Takydromus_septentrionalis","Te",64,1077,294,1307,0.191605839416058,0.164690382081686,"Terrestrial","IUCN",2789522,31.7394890015001,44.5,4.9
"Takydromus_sexlineatus_IUCN","Takydromus_sexlineatus","Te",17,497,337,817,0.310975609756098,0.720496894409938,"Terrestrial","IUCN",3721166,9.57302511200004,42.2,6.4
"Tarentola_boettgeri_IUCN","Tarentola_boettgeri","Te",NA,NA,NA,NA,NA,NA,"Terrestrial","IUCN",1756,28.8969855930001,42.1,7.1
"Testudo_hermanni_GARD","Testudo_hermanni","Te",45,177,82,214,0.267605633802817,0.125874125874126,"Terrestrial","GARD",642218,40.7251326547012,42,6
"Thamnophis_elegans_IUCN","Thamnophis_elegans","Te",326,526,374,574,0.1,0.0799220272904483,"Terrestrial","IUCN",2537950,43.8473643265,43.1,2
"Thamnophis_ordinoides_IUCN","Thamnophis_ordinoides","Te",29,424,31,426,1,0.00235294117647059,"Terrestrial","IUCN",194130,45.9666314635,38.9,4.2
"Thamnophis_sirtalis_IUCN","Thamnophis_sirtalis","Te",821,167,1096,442,0.967032967032967,0.532763532763533,"Terrestrial","IUCN",8248977,43.0123458415001,38.9,4.2
"Tiliqua_nigrolutea_GBIF","Tiliqua_nigrolutea","Te",20,582,75,637,0.909090909090909,0.083596214511041,"Terrestrial","GBIF",661450,-37.6103996904468,42.5,5.2
"Tiliqua_nigrolutea_IUCN","Tiliqua_nigrolutea","Te",19,610,46,637,0.909090909090909,0.0394321766561514,"Terrestrial","IUCN",357750,-37.492573321,42.5,5.2
"Tiliqua_rugosa_GBIF","Tiliqua_rugosa","Te",18,108,567,657,0.956349206349206,0.760493827160494,"Terrestrial","GBIF",5859198,-28.2684153729021,43,3.5
"Tiliqua_rugosa_IUCN","Tiliqua_rugosa","Te",10,360,307,657,0.888268156424581,0.337864077669903,"Terrestrial","IUCN",2858850,-30.0269519255,43,3.5
"Tlalocohyla_smithii_IUCN","Tlalocohyla_smithii","Te",15,174,32,191,0.0854700854700855,0.150537634408602,"Terrestrial","IUCN",260451,20.7333486045001,42.5,5
"Trachylepis_striata_GARD","Trachylepis_striata","Te",534,409,738,613,0.676470588235294,0.264150943396226,"Terrestrial","GARD",7959309,-9.2217838977336,44.5,15.7
"Trapelus_savignii_IUCN","Trapelus_savignii","Te",7,56,7,56,NA,NA,"Terrestrial","IUCN",36705,31.2360405495,47.2,12
"Trimeresurus_gracilis_GARD","Trimeresurus_gracilis","Te",1,390,3,392,0.0285714285714286,0.00280112044817927,"Terrestrial","GARD",17181,23.8421755472729,37.7,4.7
"Trimeresurus_stejnegeri_GARD","Trimeresurus_stejnegeri","Te",195,276,321,402,0.585185185185185,0.176029962546816,"Terrestrial","GARD",3155609,21.4164819321931,38,6.4
"Uta_stansburiana_GBIF","Uta_stansburiana","Te",285,182,414,311,0.35632183908046,0.489051094890511,"Terrestrial","GBIF",3773780,36.2118436608121,43.7,7.8
"Uta_stansburiana_IUCN","Uta_stansburiana","Te",182,219,274,311,0.275862068965517,0.321167883211679,"Terrestrial","IUCN",2078485,35.227160181,43.7,7.8
"Varanus_varius_IUCN","Varanus_varius","Te",128,320,144,336,0.222222222222222,0.0377358490566038,"Terrestrial","IUCN",1265039,-26.8527280279999,43.7,5
"Varanus_varius_GBIF","Varanus_varius","Te",186,244,278,336,0.307692307692308,0.267605633802817,"Terrestrial","GBIF",2922144,-26.6804026504604,43.7,5
"Xantusia_riversiana_IUCN","Xantusia_riversiana","Te",0,64,0,64,NA,NA,"Terrestrial","IUCN",208,33.1440563090001,39,6.6
"Xantusia_vigilis_IUCN","Xantusia_vigilis","Te",43,94,50,101,0.117647058823529,0.0447761194029851,"Terrestrial","IUCN",254886,30.6486560185,40.5,4.5
"Zootoca_vivipara_IUCN","Zootoca_vivipara","Te",1884,930,2220,1266,0.938144329896907,0.168014375561545,"Terrestrial","IUCN",13973868,56.3022355925001,43.9,1.9
"Dascyllus_aruanus_GBIF","Dascyllus_aruanus","Te",18,2627,406,3015,0.142301710730949,0.118565644881434,"Marine","GBIF",114113811,-10.5329066424248,40.5,12
"Engraulis_japonicus_IUCN","Engraulis_japonicus","Te",55,3087,68,3100,0.0160965794768612,0.0019208605455244,"Marine","IUCN",2443170,34.4184356295,32,8
"Fundulus_parvipinnis_GBIF","Fundulus_parvipinnis","Te",0,4705,10,4715,0.00732600732600733,0.00102669404517454,"Marine","GBIF",130676,31.2639506656813,36.1,2.2
"Halichoeres_dispilus_IUCN","Halichoeres_dispilus","Te",24,2811,50,2837,0.0157194679564692,0.00646766169154229,"Marine","IUCN",1170380,6.60263096650004,35.8,15.6
"Malacoctenus_zonifer_IUCN","Malacoctenus_zonifer","Te",0,3508,25,3533,0.00998463901689708,0.00564481111593574,"Marine","IUCN",591876,11.1551247375,38.2,12.5
"Menidia_menidia_GBIF","Menidia_menidia","Te",25,3170,36,3181,0.00694444444444444,0.00304182509505703,"Marine","GBIF",2412856,36.5019313656972,32.5,1.5
"Oncorhynchus_tshawytscha_GBIF","Oncorhynchus_tshawytscha","Te",35,1607,54,1626,0.0258964143426295,0.00525854513584575,"Marine","GBIF",2653529,50.4516335460081,28,0
"Periophthalmus_kalolo_GBIF","Periophthalmus_kalolo","Te",19,2407,322,2710,0.0866574965612105,0.142084942084942,"Marine","GBIF",7911865,-1.7039031600172,40.7,12.8
"Plagiotremus_azaleus_IUCN","Plagiotremus_azaleus","Te",11,2782,46,2817,0.0171428571428571,0.00962082625919638,"Marine","IUCN",1321819,10.6707428415001,35.3,13.4
"Sphoeroides_maculatus_IUCN","Sphoeroides_maculatus","Te",44,3543,47,3546,0.00265957446808511,0.000630914826498423,"Marine","IUCN",1091223,41.179556441,32.5,7.6
"Tautogolabrus_adspersus_IUCN","Tautogolabrus_adspersus","Te",48,1684,48,1684,NA,NA,"Marine","IUCN",1120819,48.2400285635001,30,0.6
"Thalassoma_lucasanum_IUCN","Thalassoma_lucasanum","Te",24,2721,46,2743,0.0156028368794326,0.00539744847890088,"Marine","IUCN",1084935,8.63012459700005,36,16.3
"Anodontia_bullula_GBIF","Anodontia_bullula","Te",6,2737,43,2774,0.0293453724604966,0.0106157112526539,"Intertidal","GBIF",1383577,-15.0469085802848,36.31,7.17
"Barbatia_pistachia_GBIF","Barbatia_pistachia","Te",30,2802,39,2811,0.0457516339869281,0.000752445447705041,"Intertidal","GBIF",571175,-35.1577057380651,36.87,6.01
"Cerastoderma_edule_GBIF","Cerastoderma_edule","Te",73,4283,125,4335,0.0177304964539007,0.00916808149405773,"Intertidal","GBIF",1730158,49.4578045850014,33.98,-6.18
"Divaricella_irpex_GBIF","Divaricella_irpex","Te",12,2837,45,2870,0.0284810126582278,0.00939702427564605,"Intertidal","GBIF",1327494,-19.3383589779573,36.94,5.51
"Halozetes_belgicae_GBIF","Halozetes_belgicae","Te",0,724,0,724,NA,NA,"Intertidal","GBIF",0,-62,40.1,-4.7
"Hemigrapsus_nudus_GBIF","Hemigrapsus_nudus","Te",18,2821,18,2821,NA,NA,"Intertidal","GBIF",185251,47.2466316667706,33.6,3.5
"Littorina_littorea_GBIF","Littorina_littorea","Te",49,4924,116,4991,0.0234432234432234,0.011400651465798,"Intertidal","GBIF",1607051,56.2805920325486,35.3,-13
"Littorina_obtusata_GBIF","Littorina_obtusata","Te",163,3063,274,3174,0.0318532818532819,0.0416666666666667,"Intertidal","GBIF",3760492,49.8658793682718,29.6,-13
"Littorina_saxatilis_GBIF","Littorina_saxatilis","Te",142,4758,301,4917,0.0586182833217027,0.0215269804822044,"Intertidal","GBIF",4496463,53.3191011663616,35,-16.4
"Macoma_balthica_GBIF","Macoma_balthica","Te",453,3933,497,3977,0.0112079701120797,0.0125628140703518,"Intertidal","GBIF",6336966,56.1882707851773,30.97,-7.01
"Mytilus_edulis_GBIF","Mytilus_edulis","Te",303,2589,356,2642,0.0201612903225806,0.0199306759098787,"Intertidal","GBIF",4288598,58.9713667113175,30.5,-8.2
"Nacella_concinna_GBIF","Nacella_concinna","Te",5,870,5,870,NA,NA,"Intertidal","GBIF",498701,-65.0846644488208,5,-12.9
"Nucella_lapillus_GBIF","Nucella_lapillus","Te",228,1689,268,1729,0.0185497470489039,0.0359712230215827,"Intertidal","GBIF",3661955,55.3157160854747,28.2,-6.4
"Petrolisthes_gracilis_GBIF","Petrolisthes_gracilis","Te",0,3468,15,3483,0.0118518518518519,0.00314795383001049,"Intertidal","GBIF",80379,26.3808058194614,41.6,1.9
"Petrolisthes_hirtipes_GBIF","Petrolisthes_hirtipes","Te",0,3074,13,3087,0.0150214592274678,0.00299850074962519,"Intertidal","GBIF",67852,27.0952876846382,39.3,4.5
"Agroeca_proxima_GBIF","Agroeca_proxima","acclimatized",8,2695,328,3015,0.262057877813505,0.0672032193158954,"Terrestrial","GBIF",1939661,58.2217643426921,43.0876220743403,-10.9892336055211
"Anolis_gundlachi_GBIF","Anolis_gundlachi","acclimatized",0,81,0,81,NA,NA,"Terrestrial","GBIF",7283,18.191452980121,39.6283721033732,6.3
"Anolis_gundlachi_GARD","Anolis_gundlachi","acclimatized",0,81,0,81,NA,NA,"Terrestrial","GARD",6382,18.2442308321046,39.6283721033732,6.3
"Clubiona_diversa_GBIF","Clubiona_diversa","acclimatized",0,3383,216,3599,0.0496156533892383,0.0668819188191882,"Terrestrial","GBIF",1476519,54.1010577453007,47.08762,-14.48923
"Clubiona_trivialis_GBIF","Clubiona_trivialis","acclimatized",1203,982,1447,1226,0.864661654135338,0.118023787740165,"Terrestrial","GBIF",10420135,54.5491274584246,47.78762,-12.07253
"Cordylus_cordylus_IUCN","Cordylus_cordylus","acclimatized",13,1800,35,1822,1,0.00552486187845304,"Terrestrial","IUCN",234620,-32.207730151,45.06408,-0.739048
"Cordylus_niger_IUCN","Cordylus_niger","acclimatized",1,1777,1,1777,NA,NA,"Terrestrial","IUCN",503,-33.6500683035,44.46408,-0.839048
"Cordylus_niger_GBIF","Cordylus_niger","acclimatized",1,1777,1,1777,NA,NA,"Terrestrial","GBIF",615,-33.6658816861293,44.46408,-0.839048
"Cordylus_oelofseni_IUCN","Cordylus_oelofseni","acclimatized",1,1782,4,1785,0.222222222222222,0.00112107623318386,"Terrestrial","IUCN",3873,-33.251806207,44.26408,-1.939048
"Crustulina_guttata_GBIF","Crustulina_guttata","acclimatized",114,566,334,786,0.690140845070423,0.215453194650817,"Terrestrial","GBIF",2095099,56.0548917330794,46.48686,-13.47396
"Ctenotus_regius_IUCN","Ctenotus_regius","acclimatized",192,189,192,189,NA,NA,"Terrestrial","IUCN",1712767,-29.2979374344999,47.3492,2.194948
"Ctenotus_regius_GBIF","Ctenotus_regius","acclimatized",204,188,205,189,0.0416666666666667,0.00555555555555556,"Terrestrial","GBIF",1896835,-28.9478066393496,47.3492,2.194948
"Ctenotus_taeniolatus_IUCN","Ctenotus_taeniolatus","acclimatized",120,79,125,84,0.444444444444444,0.0133333333333333,"Terrestrial","IUCN",1154602,-26.6773791914999,46.9492,4.894948
"Ctenotus_taeniolatus_GBIF","Ctenotus_taeniolatus","acclimatized",164,80,168,84,0.75,0.0365853658536585,"Terrestrial","GBIF",1663936,-27.15907098229,46.9492,4.894948
"Ctenotus_uber_IUCN","Ctenotus_uber","acclimatized",97,144,121,168,0.533333333333333,0.11038961038961,"Terrestrial","IUCN",1060968,-26.1676794195,47.7492,2.594948
"Ctenotus_uber_GBIF","Ctenotus_uber","acclimatized",401,134,435,168,0.571428571428571,0.168831168831169,"Terrestrial","GBIF",4315705,-28.4349359637454,47.7492,2.594948
"Dendrobates_auratus_IUCN","Dendrobates_auratus","acclimatized",0,1211,17,1228,0.0463576158940397,0.00928505106778087,"Terrestrial","IUCN",116892,13.5207421030001,40.07685,4.258594
"Desmognathus_fuscus_IUCN","Desmognathus_fuscus","acclimatized",125,253,199,327,0.205128205128205,0.22972972972973,"Terrestrial","IUCN",1548642,38.5751565195,39.29181,-6.229977
"Egernia_striolata_GBIF","Egernia_striolata","acclimatized",30,405,276,651,0.580645161290323,0.270454545454545,"Terrestrial","GBIF",2727822,-27.9509371417412,46.4492,-0.4050518
"Egernia_striolata_IUCN","Egernia_striolata","acclimatized",30,483,198,651,0.419354838709677,0.158808933002481,"Terrestrial","IUCN",1830012,-27.2808403529999,46.4492,-0.4050518
"Eleutherodactylus_coqui_IUCN","Eleutherodactylus_coqui","acclimatized",0,476,3,479,0.00579710144927536,0.00746268656716418,"Terrestrial","IUCN",12364,21.954099141,37.2,2.582767
"Elgaria_multicarinata_IUCN","Elgaria_multicarinata","acclimatized",14,928,54,968,0.0309278350515464,0.05175983436853,"Terrestrial","IUCN",332751,38.615441149,44.51744,-6.755886
"Eremias_argus_IUCN","Eremias_argus","acclimatized",112,2199,532,2619,0.126626626626627,0.272108843537415,"Terrestrial","IUCN",4172221,41.4884031755001,47.52411,-9.773338
"Eremias_brenchleyi_IUCN","Eremias_brenchleyi","acclimatized",0,1597,104,1701,0.0400815217391304,0.228,"Terrestrial","IUCN",927318,35.5924158100001,46.22411,-7.373338
"Eremias_multiocellata_GBIF","Eremias_multiocellata","acclimatized",315,1032,373,1090,0.179245283018868,0.0444664031620553,"Terrestrial","GBIF",3628178,42.2027268315594,44.78283,-1.773338
"Eremias_multiocellata_IUCN","Eremias_multiocellata","acclimatized",153,284,153,284,NA,NA,"Terrestrial","IUCN",907461,47.168057483,43.72411,-1.773338
"Eremiascincus_fasciolatus_IUCN","Eremiascincus_fasciolatus","acclimatized",35,157,50,172,0.375,0.0670731707317073,"Terrestrial","IUCN",434768,-23.202842195,43.4492,2.494948
"Eremiascincus_fasciolatus_GBIF","Eremiascincus_fasciolatus","acclimatized",422,22,572,172,1,0.858974358974359,"Terrestrial","GBIF",6010004,-24.5922414491592,43.4492,2.494948
"Eremiascincus_richardsoni_GBIF","Eremiascincus_richardsoni","acclimatized",345,33,595,283,0.924528301886792,0.885375494071146,"Terrestrial","GBIF",6214056,-25.3522748898709,44.2492,0.7949482
"Eurycea_bislineata_IUCN","Eurycea_bislineata","acclimatized",31,991,166,1126,0.189448441247002,0.078984485190409,"Terrestrial","IUCN",1198568,44.3903927350001,39.39181,-5.824376
"Hemachatus_haemachatus_IUCN","Hemachatus_haemachatus","acclimatized",5,1909,63,1967,0.673076923076923,0.014025974025974,"Terrestrial","IUCN",392531,-29.7209011155,46.76075,-4.279048
"Hemiergis_peroni_GBIF","Hemiergis_peroni","acclimatized",75,60,75,60,NA,NA,"Terrestrial","GBIF",583638,-34.5230391405754,38.6,3.094948
"Lacerta_agilis_IUCN","Lacerta_agilis","acclimatized",1451,204,1482,235,0.294117647058824,0.128888888888889,"Terrestrial","IUCN",10035379,50.589335593,45.83578,5.9
"Linepithema_humile_GBIF","Linepithema_humile","acclimatized",11,990,437,1416,0.854368932038835,0.206611570247934,"Terrestrial","GBIF",4310254,-29.7497418597388,43.33337,-2.925008
"Liolaemus_abaucan_IUCN","Liolaemus_abaucan","acclimatized",0,385,1,386,0.05,0.0027027027027027,"Terrestrial","IUCN",1409,-27.5177749944999,49.91744,6.894979
"Liolaemus_albiceps_IUCN","Liolaemus_albiceps","acclimatized",0,172,1,173,0.02,0.0078740157480315,"Terrestrial","IUCN",686,-24.248600387,46.94744,-1.465021
"Liolaemus_bibronii_IUCN","Liolaemus_bibronii","acclimatized",32,1352,50,1370,1,0.00952380952380952,"Terrestrial","IUCN",295599,-44.6722253445,47.14744,-0.02502083
"Liolaemus_bibronii_GBIF","Liolaemus_bibronii","acclimatized",40,1314,96,1370,0.766666666666667,0.0246268656716418,"Terrestrial","GBIF",722673,-39.9166231665576,47.14744,-0.02502083
"Liolaemus_boulengeri_GBIF","Liolaemus_boulengeri","acclimatized",45,885,87,927,1,0.0327868852459016,"Terrestrial","GBIF",813939,-41.396187524773,46.60744,0.8849792
"Liolaemus_boulengeri_IUCN","Liolaemus_boulengeri","acclimatized",14,923,18,927,1,0.00216216216216216,"Terrestrial","IUCN",84512,-43.5916641994999,46.60744,0.8849792
"Liolaemus_canqueli_IUCN","Liolaemus_canqueli","acclimatized",1,830,6,835,0.1,0.00368098159509202,"Terrestrial","IUCN",14866,-43.9997479225,47.21744,-1.525021
"Liolaemus_capillitas_IUCN","Liolaemus_capillitas","acclimatized",0,175,4,179,0.0476190476190476,0.0145985401459854,"Terrestrial","IUCN",5851,-27.1254681725,46.31744,-1.045021
"Liolaemus_chacoensis_IUCN","Liolaemus_chacoensis","acclimatized",6,876,35,905,0.372093023255814,0.0184331797235023,"Terrestrial","IUCN",375206,-27.0893977199999,46.71744,6.384979
"Liolaemus_cuyanus_IUCN","Liolaemus_cuyanus","acclimatized",3,988,17,1002,0.126984126984127,0.00839454354669465,"Terrestrial","IUCN",63024,-32.8253007105,48.31744,3.484979
"Liolaemus_darwinii_GBIF","Liolaemus_darwinii","acclimatized",8,1271,78,1341,0.427083333333333,0.0269200316706255,"Terrestrial","GBIF",596832,-33.8661772285365,47.29744,1.594979
"Liolaemus_darwinii_IUCN","Liolaemus_darwinii","acclimatized",17,1289,69,1341,0.508196721311475,0.01640625,"Terrestrial","IUCN",396964,-36.6733767835,47.29744,1.594979
"Liolaemus_dorbignyi_IUCN","Liolaemus_dorbignyi","acclimatized",0,136,1,137,0.0357142857142857,0.0087719298245614,"Terrestrial","IUCN",595,-27.4920304795,46.52744,0.3149792
"Liolaemus_elongatus_IUCN","Liolaemus_elongatus","acclimatized",8,983,28,1003,0.5,0.010183299389002,"Terrestrial","IUCN",150565,-41.6673427825,47.71744,-0.8350208
"Liolaemus_elongatus_GBIF","Liolaemus_elongatus","acclimatized",26,926,103,1003,0.822222222222222,0.0486039296794209,"Terrestrial","GBIF",836422,-38.8911185436146,47.71744,-0.8350208
"Liolaemus_fitzingerii_IUCN","Liolaemus_fitzingerii","acclimatized",2,1344,2,1344,NA,NA,"Terrestrial","IUCN",792,-44.9019719375,47.06744,-0.2750208
"Liolaemus_irregularis_IUCN","Liolaemus_irregularis","acclimatized",0,172,2,174,0.0196078431372549,0.00813008130081301,"Terrestrial","IUCN",1867,-23.8911176029999,47.59744,-1.555021
"Liolaemus_kingii_IUCN","Liolaemus_kingii","acclimatized",14,1358,34,1378,0.714285714285714,0.00733137829912024,"Terrestrial","IUCN",210999,-46.3966257265,47.11744,-1.505021
"Liolaemus_kingii_GBIF","Liolaemus_kingii","acclimatized",27,1347,58,1378,0.823529411764706,0.0146627565982405,"Terrestrial","GBIF",432208,-46.4115282896415,47.11744,-1.505021
"Liolaemus_koslowskyi_IUCN","Liolaemus_koslowskyi","acclimatized",0,496,6,502,0.0833333333333333,0.00862068965517241,"Terrestrial","IUCN",15792,-28.132707021,48.71744,4.704979
"Liolaemus_kriegi_IUCN","Liolaemus_kriegi","acclimatized",6,475,13,482,0.142857142857143,0.0109170305676856,"Terrestrial","IUCN",56163,-40.4757320209999,46.28744,-0.9150208
"Liolaemus_laurenti_IUCN","Liolaemus_laurenti","acclimatized",0,490,7,497,0.121212121212121,0.00847457627118644,"Terrestrial","IUCN",8118,-30.4094503094999,48.79744,3.684979
"Liolaemus_laurenti_GBIF","Liolaemus_laurenti","acclimatized",0,468,29,497,0.575757575757576,0.0317796610169492,"Terrestrial","GBIF",229823,-30.7610738686825,48.79744,3.684979
"Liolaemus_melanops_IUCN","Liolaemus_melanops","acclimatized",2,1390,10,1398,0.0925925925925926,0.00444444444444444,"Terrestrial","IUCN",38331,-42.588626478,47.55744,-2.865021
"Liolaemus_multicolor_IUCN","Liolaemus_multicolor","acclimatized",0,167,6,173,0.0555555555555556,0.0252100840336134,"Terrestrial","IUCN",28576,-23.012822127,47.31744,-0.4550208
"Liolaemus_multimaculatus_IUCN","Liolaemus_multimaculatus","acclimatized",1,399,6,404,0.166666666666667,0.0100502512562814,"Terrestrial","IUCN",3649,-38.728022549,46.44744,0.4149792
"Liolaemus_olongasta_IUCN","Liolaemus_olongasta","acclimatized",0,449,8,457,0.129032258064516,0.00938967136150235,"Terrestrial","IUCN",24810,-30.7457156905,47.19744,3.334979
"Liolaemus_petrophilus_IUCN","Liolaemus_petrophilus","acclimatized",5,992,20,1007,0.307692307692308,0.0101626016260163,"Terrestrial","IUCN",96396,-42.934182997,47.84744,-1.205021
"Liolaemus_poecilochromus_GBIF","Liolaemus_poecilochromus","acclimatized",21,116,58,153,0.212121212121212,0.264367816091954,"Terrestrial","GBIF",539905,-19.3358345281776,46.77744,0.8349792
"Liolaemus_poecilochromus_IUCN","Liolaemus_poecilochromus","acclimatized",0,149,4,153,0.0540540540540541,0.0172413793103448,"Terrestrial","IUCN",10167,-26.3318233595,46.77744,0.8349792
"Liolaemus_pseudoanomalus_IUCN","Liolaemus_pseudoanomalus","acclimatized",0,248,6,254,0.0952380952380952,0.0182648401826484,"Terrestrial","IUCN",27880,-28.2579329684999,48.54744,3.674979
"Liolaemus_quilmes_IUCN","Liolaemus_quilmes","acclimatized",0,270,3,273,0.0285714285714286,0.00492610837438424,"Terrestrial","IUCN",7935,-26.3643173055,47.30744,-0.05502083
"Liolaemus_quilmes_GBIF","Liolaemus_quilmes","acclimatized",0,269,4,273,0.0298507462686567,0.00970873786407767,"Terrestrial","GBIF",12069,-26.6851712712983,47.30744,-0.05502083
"Liolaemus_riojanus_IUCN","Liolaemus_riojanus","acclimatized",0,725,7,732,0.0784313725490196,0.00440528634361234,"Terrestrial","IUCN",14046,-31.139950122,47.81744,2.184979
"Liolaemus_robertmertensi_IUCN","Liolaemus_robertmertensi","acclimatized",0,576,5,581,0.0930232558139535,0.0054945054945055,"Terrestrial","IUCN",19952,-27.6282195804999,45.61744,5.554979
"Liolaemus_rothi_IUCN","Liolaemus_rothi","acclimatized",1,689,17,705,0.142857142857143,0.0124804992199688,"Terrestrial","IUCN",77654,-39.75285205,46.41744,-3.015021
"Liolaemus_rothi_GBIF","Liolaemus_rothi","acclimatized",3,670,38,705,0.265625,0.0280811232449298,"Terrestrial","GBIF",253021,-39.9016243781565,46.41744,-3.015021
"Liolaemus_salinicola_IUCN","Liolaemus_salinicola","acclimatized",0,230,4,234,0.0869565217391304,0.00947867298578199,"Terrestrial","IUCN",6749,-27.8639966784999,50.82744,5.684979
"Liolaemus_scapularis_IUCN","Liolaemus_scapularis","acclimatized",0,264,3,267,0.0161290322580645,0.00975609756097561,"Terrestrial","IUCN",6550,-26.6782646765,48.18744,0.8749792
"Liolaemus_telsen_IUCN","Liolaemus_telsen","acclimatized",3,477,7,481,0.272727272727273,0.00424628450106157,"Terrestrial","IUCN",21208,-41.733879623,47.21744,0.4649792
"Liolaemus_xanthoviridis_IUCN","Liolaemus_xanthoviridis","acclimatized",5,1139,5,1139,NA,NA,"Terrestrial","IUCN",5726,-44.331013589,47.09744,-0.6550208
"Oedothorax_apicatus_GBIF","Oedothorax_apicatus","acclimatized",0,2915,230,3145,0.117571059431525,0.0586250527203711,"Terrestrial","GBIF",1500931,56.9490760621602,46.48762,-11.78923
"Pardosa_nigriceps_GBIF","Pardosa_nigriceps","acclimatized",3,2862,234,3093,0.205776173285199,0.0460811343048444,"Terrestrial","GBIF",1413322,58.7839663596746,45.38762,-11.48923
"Philodromus_aureolus_GBIF","Philodromus_aureolus","acclimatized",0,3350,346,3696,0.0853658536585366,0.096694214876033,"Terrestrial","GBIF",2432361,55.7352148693996,47.78762,-15.08923
"Phrynosoma_cornutum_IUCN","Phrynosoma_cornutum","acclimatized",22,236,186,400,0.369047619047619,0.488888888888889,"Terrestrial","IUCN",1801830,31.469849648,50.17177,-0.5738862
"Platysaurus_intermedius_IUCN","Platysaurus_intermedius","acclimatized",2,1760,52,1810,0.290322580645161,0.0183066361556064,"Terrestrial","IUCN",391376,-21.9959567625,48.46075,0.300952
"Plestiodon_chinensis_IUCN","Plestiodon_chinensis","acclimatized",4,739,229,964,0.4,0.175070028011204,"Terrestrial","IUCN",2247769,28.0595633365,45.6789,-2.783128
"Plestiodon_elegans_IUCN","Plestiodon_elegans","acclimatized",23,984,316,1277,0.241308793456033,0.222081218274112,"Terrestrial","IUCN",3092054,30.7924871925001,45.2789,-1.473338
"Plestiodon_gilberti_IUCN","Plestiodon_gilberti","acclimatized",17,443,41,467,0.0923913043478261,0.0247349823321555,"Terrestrial","IUCN",216396,35.2476718035001,45.55511,-1.073886
"Podarcis_muralis_IUCN","Podarcis_muralis","acclimatized",185,166,254,235,0.844444444444444,0.221153846153846,"Terrestrial","IUCN",1831067,44.084485593,46.13578,5.9
"Prinerigone_vagans_GBIF","Prinerigone_vagans","acclimatized",0,764,29,793,0.0833333333333333,0.0261941448382126,"Terrestrial","GBIF",193078,51.8532944361072,41.58762,-13.57396
"Protobothrops_mucrosquamatus_IUCN","Protobothrops_mucrosquamatus","acclimatized",14,1566,374,1926,0.115179252479024,0.352395672333849,"Terrestrial","IUCN",3572457,28.422616895,42.36557,-4.433338
"Psammodromus_algirus_IUCN","Psammodromus_algirus","acclimatized",8,859,75,926,0.305555555555556,0.0250941028858218,"Terrestrial","IUCN",585059,33.129005226,45.78097,7
"Psammodromus_hispanicus_IUCN","Psammodromus_hispanicus","acclimatized",48,53,64,69,0.19047619047619,0.25,"Terrestrial","IUCN",488894,40.273635593,46.74913,8.8
"Pseudacris_cadaverina_IUCN","Pseudacris_cadaverina","acclimatized",0,1226,14,1240,0.0098135426889107,0.0233463035019455,"Terrestrial","IUCN",63751,32.8212265295,40.4057,-6.535804
"Pseudacris_regilla_IUCN","Pseudacris_regilla","acclimatized",44,1010,210,1176,0.173134328358209,0.105454545454545,"Terrestrial","IUCN",1543994,39.4166402815,40.2057,-6.135804
"Rana_cascadae_IUCN","Rana_cascadae","acclimatized",8,933,31,956,0.033096926713948,0.0168855534709193,"Terrestrial","IUCN",113889,44.4384598915001,37.2057,-6.135804
"Rana_pretiosa_IUCN","Rana_pretiosa","acclimatized",5,1117,22,1134,0.0223880597014925,0.0109289617486339,"Terrestrial","IUCN",62528,45.0841598285,38.4057,-6.135804
"Sceloporus_undulatus_IUCN","Sceloporus_undulatus","acclimatized",294,63,481,250,0.908256880733945,0.624113475177305,"Terrestrial","IUCN",4098308,33.6857207805,42.37677,2.626114
"Scotina_gracilipes_GBIF","Scotina_gracilipes","acclimatized",49,503,164,618,0.634920634920635,0.145648312611012,"Terrestrial","GBIF",1013433,56.1790486938401,47.08762,-11.57253
"Spea_hammondii_IUCN","Spea_hammondii","acclimatized",8,277,25,294,0.2,0.0354330708661417,"Terrestrial","IUCN",122001,35.2312285305001,43.07024,-5.241406
"Sphenomorphus_incognitus_IUCN","Sphenomorphus_incognitus","acclimatized",16,574,169,727,0.374449339207048,0.136,"Terrestrial","IUCN",1538455,25.0030408015,43.46557,3.956872
"Sphenomorphus_indicus_GBIF","Sphenomorphus_indicus","acclimatized",32,2212,477,2657,0.144552776600254,0.372239747634069,"Terrestrial","GBIF",5015540,19.1033525343431,40.9789,-7.673338
"Sphenomorphus_indicus_GARD","Sphenomorphus_indicus","acclimatized",48,2140,565,2657,0.170512820512821,0.372239747634069,"Terrestrial","GARD",5904450,19.7723983527519,40.9789,-7.673338
"Sphenomorphus_taiwanensis_GARD","Sphenomorphus_taiwanensis","acclimatized",0,512,3,515,0.016260162601626,0.00468384074941452,"Terrestrial","GARD",25224,23.6924210402988,41.56557,-1.442463
"Stemonyphantes_lineatus_GBIF","Stemonyphantes_lineatus","acclimatized",19,911,284,1176,0.619565217391304,0.160591133004926,"Terrestrial","GBIF",1841582,55.4341617529814,46.18762,-17.97253
"Takydromus_hsuehshanensis_IUCN","Takydromus_hsuehshanensis","acclimatized",0,241,1,242,0.0166666666666667,0.00515463917525773,"Terrestrial","IUCN",2460,24.2243269205,47.66557,-4.842463
"Takydromus_septentrionalis_IUCN","Takydromus_septentrionalis","acclimatized",26,1914,294,2182,0.077893175074184,0.209006928406467,"Terrestrial","IUCN",2789522,31.7394890015001,48.66557,-4.833338
"Takydromus_sexlineatus_IUCN","Takydromus_sexlineatus","acclimatized",15,654,337,976,0.251842751842752,0.722222222222222,"Terrestrial","IUCN",3721166,9.57302511200004,45.5789,-2.683128
"Tarentola_boettgeri_IUCN","Tarentola_boettgeri","acclimatized",0,12,0,12,NA,NA,"Terrestrial","IUCN",1756,28.8969855930001,42.1,-3.707262
"Thamnophis_elegans_IUCN","Thamnophis_elegans","acclimatized",325,527,374,576,0.1,0.0815533980582524,"Terrestrial","IUCN",2537950,43.8473643265,46.06011,2
"Tiliqua_rugosa_GBIF","Tiliqua_rugosa","acclimatized",15,122,567,674,0.920754716981132,0.753056234718826,"Terrestrial","GBIF",5859198,-28.2684153729021,45.2492,-3.005052
"Tiliqua_rugosa_IUCN","Tiliqua_rugosa","acclimatized",9,376,307,674,0.837696335078534,0.334615384615385,"Terrestrial","IUCN",2858850,-30.0269519255,45.2492,-3.005052
"Tlalocohyla_smithii_IUCN","Tlalocohyla_smithii","acclimatized",13,206,32,225,0.0733333333333333,0.159574468085106,"Terrestrial","IUCN",260451,20.7333486045001,47.14796,-0.2414058
"Trachylepis_striata_GARD","Trachylepis_striata","acclimatized",500,494,738,732,0.903225806451613,0.241001564945227,"Terrestrial","GARD",7959309,-9.2217838977336,44.5,7.833243
"Trimeresurus_gracilis_GARD","Trimeresurus_gracilis","acclimatized",0,502,3,505,0.0185185185185185,0.00462962962962963,"Terrestrial","GARD",17181,23.8421755472729,41.90225,-3.109706
"Trimeresurus_stejnegeri_GARD","Trimeresurus_stejnegeri","acclimatized",167,400,321,554,0.446428571428571,0.163636363636364,"Terrestrial","GARD",3155609,21.4164819321931,42.20225,-4.017262
"Uta_stansburiana_GBIF","Uta_stansburiana","acclimatized",221,299,414,492,0.32475884244373,0.506976744186047,"Terrestrial","GBIF",3773780,36.2118436608121,46.46344,-1.623886
"Uta_stansburiana_IUCN","Uta_stansburiana","acclimatized",134,352,274,492,0.2508038585209,0.342541436464088,"Terrestrial","IUCN",2078485,35.227160181,46.46344,-1.623886
"Xantusia_vigilis_IUCN","Xantusia_vigilis","acclimatized",29,158,50,179,0.208333333333333,0.0655737704918033,"Terrestrial","IUCN",254886,30.6486560185,43.75511,-4.462312
"Dascyllus_aruanus_GBIF","Dascyllus_aruanus","acclimatized",10,2840,406,3236,0.137554585152838,0.114404576183047,"Marine","GBIF",114113811,-10.5329066424248,42.85482,6.8855
"Engraulis_japonicus_IUCN","Engraulis_japonicus","acclimatized",41,3712,68,3739,0.0233128834355828,0.0027359781121751,"Marine","IUCN",2443170,34.4184356295,32,1.693
"Fundulus_parvipinnis_GBIF","Fundulus_parvipinnis","acclimatized",0,9865,10,9875,0.00118273211117682,0.00083298625572678,"Marine","GBIF",130676,31.2639506656813,41.2252,-3.577
"Halichoeres_dispilus_IUCN","Halichoeres_dispilus","acclimatized",2,3335,50,3383,0.0210597826086957,0.00958627648839556,"Marine","IUCN",1170380,6.60263096650004,39.12445,8.1005
"Malacoctenus_zonifer_IUCN","Malacoctenus_zonifer","acclimatized",0,4075,25,4100,0.00805951642901426,0.0050801094177413,"Marine","IUCN",591876,11.1551247375,41.52445,5.0005
"Menidia_menidia_GBIF","Menidia_menidia","acclimatized",24,3381,36,3393,0.00307219662058372,0.00364697301239971,"Marine","GBIF",2412856,36.5019313656972,32.5,-0.832
"Periophthalmus_kalolo_GBIF","Periophthalmus_kalolo","acclimatized",9,2861,322,3174,0.0768314472900536,0.124348958333333,"Marine","GBIF",7911865,-1.7039031600172,43.74742,5.0355
"Plagiotremus_azaleus_IUCN","Plagiotremus_azaleus","acclimatized",0,3299,46,3345,0.0194647201946472,0.0104166666666667,"Marine","IUCN",1321819,10.6707428415001,38.62445,5.9005
"Sphoeroides_maculatus_IUCN","Sphoeroides_maculatus","acclimatized",44,3604,47,3607,0.00246913580246914,0.000624609618988132,"Marine","IUCN",1091223,41.179556441,32.5,4.473
"Tautogolabrus_adspersus_IUCN","Tautogolabrus_adspersus","acclimatized",48,4675,48,4675,NA,NA,"Marine","IUCN",1120819,48.2400285635001,35.1252,-0.407
"Thalassoma_lucasanum_IUCN","Thalassoma_lucasanum","acclimatized",5,3154,46,3195,0.0183246073298429,0.00976085895558809,"Marine","IUCN",1084935,8.63012459700005,39.32445,8.8005
"Anodontia_bullula_GBIF","Anodontia_bullula","acclimatized",0,3498,43,3541,0.0228245363766049,0.0101045296167247,"Intertidal","GBIF",1383577,-15.0469085802848,42.15577,-10.25638
"Cerastoderma_edule_GBIF","Cerastoderma_edule","acclimatized",57,4816,125,4884,0.0272536687631027,0.00839849406313351,"Intertidal","GBIF",1730158,49.4578045850014,45.20932,-18.78335
"Divaricella_irpex_GBIF","Divaricella_irpex","acclimatized",0,3687,45,3732,0.025089605734767,0.00976685570258349,"Intertidal","GBIF",1327494,-19.3383589779573,42.78577,-11.91638
"Halozetes_belgicae_GBIF","Halozetes_belgicae","acclimatized",0,724,0,724,NA,NA,"Intertidal","GBIF",0,-62,37.47821,-5.134073
"Hemigrapsus_nudus_GBIF","Hemigrapsus_nudus","acclimatized",18,3335,18,3335,NA,NA,"Intertidal","GBIF",185251,47.2466316667706,38.71953,-10.30911
"Macoma_balthica_GBIF","Macoma_balthica","acclimatized",421,6264,497,6340,0.0197287299630086,0.00785008863003292,"Intertidal","GBIF",6336966,56.1882707851773,40.85344,-19.61335
"Nacella_concinna_GBIF","Nacella_concinna","acclimatized",5,870,5,870,NA,NA,"Intertidal","GBIF",498701,-65.0846644488208,5,-26.70911
"Petrolisthes_gracilis_GBIF","Petrolisthes_gracilis","acclimatized",0,5919,15,5934,0.00262295081967213,0.00306539509536785,"Intertidal","GBIF",80379,26.3808058194614,43.55286,-13.11486
"Petrolisthes_hirtipes_GBIF","Petrolisthes_hirtipes","acclimatized",0,3517,13,3530,0.0100430416068867,0.00277392510402219,"Intertidal","GBIF",67852,27.0952876846382,42.91953,-10.51486
