Genus,Species,Kingdom,Phylum,Class,Order,Family,limit_type,Tpref,n_tpref,ref_Tpref,ref_from_ref,notes_Tpref,Tb,n_Tb,ref_Tb,notes_Tb
Craugastor,fleischmanni,Animalia,Chordata,Amphibia,Anura,Craugastoridae,"max, min",NA,,,,,,,,
Dendrobates,auratus,Animalia,Chordata,Amphibia,Anura,Dendrobatidae,"max, min",NA,,,,,,,,
Eleutherodactylus,coqui,Animalia,Chordata,Amphibia,Anura,Eleutherodactylidae,"max, min",NA,,,,,21.21,30,Rios-Franceschi_et_al_2019,different populations
Eleutherodactylus,coqui,Animalia,Chordata,Amphibia,Anura,Eleutherodactylidae,"max, min",NA,,,,,21.65,30,Rios-Franceschi_et_al_2019,different populations
Eleutherodactylus,coqui,Animalia,Chordata,Amphibia,Anura,Eleutherodactylidae,"max, min",NA,,,,,20.27,30,Rios-Franceschi_et_al_2019,different populations
Eleutherodactylus,coqui,Animalia,Chordata,Amphibia,Anura,Eleutherodactylidae,"max, min",NA,,,,,21.38,30,Rios-Franceschi_et_al_2019,different populations
Eleutherodactylus,coqui,Animalia,Chordata,Amphibia,Anura,Eleutherodactylidae,"max, min",NA,,,,,21.56,30,Rios-Franceschi_et_al_2019,different populations
Pseudacris,cadaverina,Animalia,Chordata,Amphibia,Anura,Hylidae,"max, min",NA,,,,,,,,
Pseudacris,regilla,Animalia,Chordata,Amphibia,Anura,Hylidae,"max, min",NA,,,,,21.7,62,Goodman_and_Johnson_2011,normal 
Rana,cascadae,Animalia,Chordata,Amphibia,Anura,Ranidae,"max, min",16,5,Wollmuth_et_al_1986,,,,,,
Pseudacris,regilla,Animalia,Chordata,Amphibia,Anura,Hylidae,"max, min",NA,,,,,24.4,71,Goodman_and_Johnson_2011,malformed
Phrurolithus,festivus,Animalia,Arthropoda,Arachnida,Araneae,Corinnidae,max,NA,,,,,,,,
Rana,pretiosa,Animalia,Chordata,Amphibia,Anura,Ranidae,"max, min",NA,,,,,,,,
Spea,hammondii,Animalia,Chordata,Amphibia,Anura,Scaphiopodidae,"max, min",NA,,,,,,,,
Desmognathus,fuscus,Animalia,Chordata,Amphibia,Caudata,Plethodontidae,"max, min",23.8,,Spotila_1972,different populations,,,,,
Desmognathus,fuscus,Animalia,Chordata,Amphibia,Caudata,Plethodontidae,"max, min",25.6,,Spotila_1972,different populations,,,,,
Calathus,melanocephalus,Animalia,Arthropoda,Insecta,Coleoptera,Carabidae,min,NA,,,,,,,,
Aphaenogaster,fulva,Animalia,Arthropoda,Insecta,Hymenoptera,Formicidae,max,NA,,,,,,,,
Camponotus,americanus,Animalia,Arthropoda,Insecta,Hymenoptera,Formicidae,max,NA,,,,,,,,
Camponotus,castaneus,Animalia,Arthropoda,Insecta,Hymenoptera,Formicidae,max,NA,,,,,,,,
Camponotus,chromaiodes,Animalia,Arthropoda,Insecta,Hymenoptera,Formicidae,max,NA,,,,,,,,
Camponotus,novaeboracensis,Animalia,Arthropoda,Insecta,Hymenoptera,Formicidae,max,NA,,,,,,,,
Camponotus,pennsylvanicus,Animalia,Arthropoda,Insecta,Hymenoptera,Formicidae,max,NA,,,,,,,,
Crematogaster,lineolata,Animalia,Arthropoda,Insecta,Hymenoptera,Formicidae,max,NA,,,,,,,,
Formica,neogagates,Animalia,Arthropoda,Insecta,Hymenoptera,Formicidae,max,NA,,,,,,,,
Formica,obscuripes,Animalia,Arthropoda,Insecta,Hymenoptera,Formicidae,max,NA,,,,,,,,
Eurycea,bislineata,Animalia,Chordata,Amphibia,Caudata,Plethodontidae,"max, min",NA,,,,,,,,https://repository.si.edu/bitstream/handle/10088/8242/SHIS_052.pdf
Acris,crepitans,Animalia,Chordata,Amphibia,Anura,Hylidae,min,23.4,6,Sauer_et_al_2018,,,,,,
Acris,crepitans,Animalia,Chordata,Amphibia,Anura,Hylidae,min,26.9,16,Gray_1977,,,,,,
Acris,crepitans,Animalia,Chordata,Amphibia,Anura,Hylidae,min,27.2,19,Gray_1977,,,,,,
Acris,crepitans,Animalia,Chordata,Amphibia,Anura,Hylidae,min,28,15,Gray_1977,,,,,,
Pogonomyrmex,barbatus,Animalia,Arthropoda,Insecta,Hymenoptera,Formicidae,max,NA,,,,,,,,
Pogonomyrmex,californicus,Animalia,Arthropoda,Insecta,Hymenoptera,Formicidae,max,NA,,,,,,,,
Pogonomyrmex,rugosus,Animalia,Arthropoda,Insecta,Hymenoptera,Formicidae,max,NA,,,,,,,,
Proceratium,silaceum,Animalia,Arthropoda,Insecta,Hymenoptera,Formicidae,max,NA,,,,,,,,
Tetramorium,caespitum,Animalia,Arthropoda,Insecta,Hymenoptera,Formicidae,max,NA,,,,,,,,
Trachymyrmex,septentrionalis,Animalia,Arthropoda,Insecta,Hymenoptera,Formicidae,max,NA,,,,,,,,
Adelotus,brevis,Animalia,Chordata,Amphibia,Anura,Myobatrachidae,max,NA,,,,,,,,
Anaxyrus,compactilis,Animalia,Chordata,Amphibia,Anura,Bufonidae,max,NA,,,,,22.3,49,Leyte-Manrique_et_al_2018,
Craugastor,fitzingeri,Animalia,Chordata,Amphibia,Anura,Eleutherodactylidae,min,NA,,,,,,,,
Crinia,signifera,Animalia,Chordata,Amphibia,Anura,Myobatrachidae,max,NA,,,,,,,,
Engystomops,pustulosus,Animalia,Chordata,Amphibia,Anura,Leptodactylidae,min,NA,,,,,,,,
Hyalinobatrachium,fleischmanni,Animalia,Chordata,Amphibia,Anura,Centrolenidae,min,NA,,,,,,,,
Leptodactylus,pentadactylus,Animalia,Chordata,Amphibia,Anura,Leptodactylidae,min,NA,,,,,,,,
Limnodynastes,dorsalis,Animalia,Chordata,Amphibia,Anura,Myobatrachidae,max,NA,,,,,,,,
Limnodynastes,fletcheri,Animalia,Chordata,Amphibia,Anura,Myobatrachidae,max,NA,,,,,,,,
Limnodynastes,tasmaniensis,Animalia,Chordata,Amphibia,Anura,Myobatrachidae,max,23.6,10,Whitehead_et_al_1988,,,,,,
Limnodynastes,tasmaniensis,Animalia,Chordata,Amphibia,Anura,Myobatrachidae,max,23.9,10,Whitehead_et_al_1988,,,,,,
Litoria,gracilenta,Animalia,Chordata,Amphibia,Anura,Hylidae,max,NA,,,,,,,,
Neobatrachus,pictus,Animalia,Chordata,Amphibia,Anura,Myobatrachidae,max,NA,,,,,,,,
Philoria,frosti,Animalia,Chordata,Amphibia,Anura,Myobatrachidae,max,NA,,,,,,,,
Philoria,loveridgei,Animalia,Chordata,Amphibia,Anura,Myobatrachidae,max,15.4,,Lopez_2015,,,,,,
Pseudacris,triseriata,Animalia,Chordata,Amphibia,Anura,Hylidae,max,NA,,,,,,,,
Pseudophryne,corroboree,Animalia,Chordata,Amphibia,Anura,Myobatrachidae,max,NA,,,,,,,,
Pseudophryne,dendyi,Animalia,Chordata,Amphibia,Anura,Myobatrachidae,max,NA,,,,,,,,
Scinax,staufferi,Animalia,Chordata,Amphibia,Anura,Hylidae,min,NA,,,,,,,,
Ambystoma,jeffersonianum,Animalia,Chordata,Amphibia,Caudata,Ambystomatidae,max,NA,,,,larvae https://www.jstor.org/stable/1445102?casa_token=7GrU-oMi0EIAAAAA%3AWsQwYkGhg6SVhd8svkcfdbCe0aAWdILLwLwUEOLrS8-1bsrG2N6Z2rHl9lhvOsBVM898SEcD7tHWLfJ71IX-y46iKjiDsOMs6h-fkNsw7pHpD5sDVg&seq=2#metadata_info_tab_contents,,,,
Ambystoma,macrodactylum,Animalia,Chordata,Amphibia,Caudata,Ambystomatidae,max,NA,,,,,18.4,13,Anderson_1986,
Ambystoma,macrodactylum,Animalia,Chordata,Amphibia,Caudata,Ambystomatidae,max,NA,,,,,17.7,10,Anderson_1986,
Ambystoma,maculatum,Animalia,Chordata,Amphibia,Caudata,Ambystomatidae,max,NA,,,,,,,,
Desmognathus,ochrophaeus,Animalia,Chordata,Amphibia,Caudata,Plethodontidae,max,17.4,,Spotila_1972,,,,,,
Desmognathus,quadramaculatus,Animalia,Chordata,Amphibia,Caudata,Plethodontidae,max,13.6,,Fontenot_and_Lutterschmidt_2011,Sievert and Andreadis 2002,,,,,
Eurycea,longicauda,Animalia,Chordata,Amphibia,Caudata,Plethodontidae,max,21.7,,Spotila_1972,,,,,,
Eurycea,lucifuga,Animalia,Chordata,Amphibia,Caudata,Plethodontidae,max,19.3,,Fontenot_and_Lutterschmidt_2011,Sievert and Andreadis 2002,,,,,
Eurycea,multiplicata,Animalia,Chordata,Amphibia,Caudata,Plethodontidae,max,18.8,,Spotila_1972,,,,,,
Eurycea,nana,Animalia,Chordata,Amphibia,Caudata,Plethodontidae,max,NA,,,,,,,,
Notophthalmus,viridescens,Animalia,Chordata,Amphibia,Caudata,Plethodontidae,max,26.8,10,Berner_and_Bessay_2006,,,,,,
Notophthalmus,viridescens,Animalia,Chordata,Amphibia,Caudata,Plethodontidae,max,17.2,10,Berner_and_Bessay_2006,,,,,,
Notophthalmus,viridescens,Animalia,Chordata,Amphibia,Caudata,Plethodontidae,max,26.1,10,Sherman_2008,,infected,,,,
Notophthalmus,viridescens,Animalia,Chordata,Amphibia,Caudata,Plethodontidae,max,14.9,9,Sherman_2008,,,,,,
Plethodon,glutinosus,Animalia,Chordata,Amphibia,Caudata,Plethodontidae,max,17.4,NA,Spotila_1972,,,,,,
Plethodon,glutinosus,Animalia,Chordata,Amphibia,Caudata,Plethodontidae,max,21.9,270,Elwood_2003,,,,,,
Pseudotriton,ruber,Animalia,Chordata,Amphibia,Caudata,Plethodontidae,max,NA,,,,,,,,
Tlalocohyla,smithii,Animalia,Chordata,Amphibia,Anura,Hylidae,"max, min",NA,,,,,21.3,29,Lara-Resendiz_and_Luja_2018,
Cophixalus,aenigma,Animalia,Chordata,Amphibia,Anura,Microhylidae,max,23,6,Merino-Viteri_2018,,,,,,
Cophixalus,bombiens,Animalia,Chordata,Amphibia,Anura,Microhylidae,max,27.5,9,Merino-Viteri_2018,,,,,,
Cophixalus,exiguus,Animalia,Chordata,Amphibia,Anura,Microhylidae,max,27.4,6,Merino-Viteri_2018,,,,,,
Cophixalus,hosmeri,Animalia,Chordata,Amphibia,Anura,Microhylidae,max,22.2,6,Merino-Viteri_2018,,,,,,
Cophixalus,mcdonaldi,Animalia,Chordata,Amphibia,Anura,Microhylidae,max,26.9,10,Merino-Viteri_2018,,,,,,
Cophixalus,neglectus,Animalia,Chordata,Amphibia,Anura,Microhylidae,max,24.6,7,Merino-Viteri_2018,,,,,,
Hylarana,erythraea,Animalia,Chordata,Amphibia,Anura,Ranidae,max,NA,,,,,,,,
Kaloula,kalingensis,Animalia,Chordata,Amphibia,Anura,Microhylidae,max,NA,,,,,,,,
Limnonectes,woodworthi,Animalia,Chordata,Amphibia,Anura,Dicroglossidae,max,NA,,,,,,,,
Occidozyga,laevis,Animalia,Chordata,Amphibia,Anura,Dicroglossidae,max,NA,,,,,,,,
Philautus,surdus,Animalia,Chordata,Amphibia,Anura,Rhacophoridae,max,NA,,,,,,,,
Platymantis,banahao,Animalia,Chordata,Amphibia,Anura,Ceratobatrachidae,max,NA,,,,,,,,
Platymantis,corrugatus,Animalia,Chordata,Amphibia,Anura,Ceratobatrachidae,max,NA,,,,,,,,
Platymantis,dorsalis,Animalia,Chordata,Amphibia,Anura,Ceratobatrachidae,max,NA,,,,,,,,
Platymantis,luzonensis,Animalia,Chordata,Amphibia,Anura,Ceratobatrachidae,max,NA,,,,,,,,
Cyclorana,alboguttatus,NA,Chordata,Amphibia,Anura,Hylidae,max,NA,,,,,,,,
Cyclorana,brevipes,NA,Chordata,Amphibia,Anura,Hylidae,max,NA,,,,,,,,
Hyla,phyllochroa,NA,Chordata,Amphibia,Anura,Hylidae,max,NA,,,,,,,,
Hyla,aurea,Animalia,Chordata,Amphibia,Anura,Hylidae,max,NA,,,,,,,,
Hyla,caerulea,Animalia,Chordata,Amphibia,Anura,Hylidae,max,30.7,10,Tracy_and_Christian_2005,,,,,,
Hyla,chloris,Animalia,Chordata,Amphibia,Anura,Hylidae,max,NA,,,,,,,,
Hyla,citropa,Animalia,Chordata,Amphibia,Anura,Hylidae,max,NA,,,,,,,,
Hyla,lesueuri,Animalia,Chordata,Amphibia,Anura,Hylidae,max,NA,,,,,,,,
Testudo,hermanni,NA,Chordata,Archelosauria,Testudines,Testudinidae,"max, min",NA,,,,,26.32,,Huot-Daubremont_et_al_1996,
Gopherus,agassizii,NA,Chordata,Archelosauria,Testudines,Emydidae,max,26.6,,Spotila_et_al_1994,,hatchlings,,,,
Heloderma,suspectum,Animalia,Chordata,Lepidosauria,Squamata,Helodermatidae,max,25.2,,Gienger_et_al_2013,,,,,,
Heloderma,suspectum,Animalia,Chordata,Lepidosauria,Squamata,Helodermatidae,max,30.1,1,Boggert_and_del_Campo_1956,,,,,,
Heloderma,suspectum,Animalia,Chordata,Lepidosauria,Squamata,Helodermatidae,max,29.3,1,Boggert_and_del_Campo_1956,,,,,,
Heloderma,suspectum,Animalia,Chordata,Lepidosauria,Squamata,Helodermatidae,max,28.9,1,Boggert_and_del_Campo_1956,,,,,,
Agkistrodon,contortrix,Animalia,Chordata,Reptilia,Squamata,Viperidae,"max, min",25.7-27.4,15,Carter_2012,,Tpref here defined as interquantile range of temps,,,,
Agkistrodon,contortrix,Animalia,Chordata,Reptilia,Squamata,Viperidae,"max, min",26.4,35,Mueller_and_Gienger_2019,,,,,,
Ameiva,festiva,Animalia,Chordata,Reptilia,Squamata,Teiidae,"max, min",NA,,,,,35.7,,Meiri_et_al_2018,
Amphibolurus,muricatus,Animalia,Chordata,Reptilia,Squamata,Agamidae,"max, min",32.4,NA,Barquero_et_al_2019,,abstract only,,,,
Amphibolurus,muricatus,Animalia,Chordata,Reptilia,Squamata,Agamidae,"max, min",36,6,Light_et_al_1966,,abstract only,,,,
Anolis,barbouri,Animalia,Chordata,Reptilia,Squamata,Dactyloidae,"max, min",24.1,13,Autumn_and_Losos_1997,,,,,,
Anolis,carolinensis,Animalia,Chordata,Reptilia,Squamata,Dactyloidae,"max, min",32,,Licht_1966,,,,,,
Anolis,carolinensis,Animalia,Chordata,Reptilia,Squamata,Dactyloidae,"max, min",33.5,15,Ryan_and_Gunderson_2020,,different acclimation temperatures,,,,
Anolis,carolinensis,Animalia,Chordata,Reptilia,Squamata,Dactyloidae,"max, min",34.1,15,Ryan_and_Gunderson_2020,,different acclimation temperatures,,,,
Anolis,carolinensis,Animalia,Chordata,Reptilia,Squamata,Dactyloidae,"max, min",36.3,15,Ryan_and_Gunderson_2020,,different acclimation temperatures,,,,
Anolis,cooki,Animalia,Chordata,Reptilia,Squamata,Dactyloidae,"max, min",30.6,,Huey_and_Webster_1976,,,,,,
Anolis,cristatellus,Animalia,Chordata,Reptilia,Squamata,Dactyloidae,"max, min",29,,Huey_and_Webster_1976,,different populations,,,,
Anolis,cristatellus,Animalia,Chordata,Reptilia,Squamata,Dactyloidae,"max, min",29.6,,Huey_and_Webster_1976,,different populations,,,,
Anolis,cristatellus,Animalia,Chordata,Reptilia,Squamata,Dactyloidae,"max, min",29.6,,Huey_and_Webster_1976,,different populations,,,,
Anolis,cristatellus,Animalia,Chordata,Reptilia,Squamata,Dactyloidae,"max, min",30,,Adams_1987,"Huey, 1983",can't find Huey paper to make sure not duplicated,,,,
Anolis,gundlachi,Animalia,Chordata,Reptilia,Squamata,Dactyloidae,"max, min",25.1,,Huey_and_Webster_1976,,,,,,
Anolis,gundlachi,Animalia,Chordata,Reptilia,Squamata,Dactyloidae,"max, min",24.3-26.1,7,Hertz_et_al_1993,,range of Tset point given,,,,
Anolis,lionotus,Animalia,Chordata,Reptilia,Squamata,Dactyloidae,"max, min",NA,,,,,26.2,,Meiri_et_al_2018,
Austrelaps,superbus,Animalia,Chordata,Reptilia,Squamata,Elapidae,"max, min",32.8,4,Lillywhite_1980,,,,,,
Bassiana,duperreyi,Animalia,Chordata,Reptilia,Squamata,Scincidae,"max, min",34.23,NA,Du_et_al_2010,,hatchlings,,,,
Acanthodactylus,erythrurus,Animalia,Chordata,Reptilia,Squamata,Lacertidae,max,37.15,9,Bauwens_and_Garland_1995,,median Tb,,,,
Acontias,meleagris,Animalia,Chordata,Reptilia,Squamata,Scincidae,max,28.1,18,Withers_1981,,,,,,
Chamaeleo,dilepis,Animalia,Chordata,Reptilia,Squamata,Chamaeleonidae,"max, min",32.8,6,Bennett_2014,,,,,,
Chamaeleo,jacksonii,Animalia,Chordata,Reptilia,Squamata,Chamaeleonidae,"max, min",32.1,7,Bennett_2014,,,,,,
Coleonyx,brevis,Animalia,Chordata,Reptilia,Squamata,Eublepharidae,"max, min",31.8,10,Dial_and_Grismer_1992,,,,,,
Anniella,pulchra,Animalia,Chordata,Reptilia,Squamata,Anniellidae,max,23.6,96,Bury_and_Balgooyen_1976,,,,,,
Anniella,pulchra,Animalia,Chordata,Reptilia,Squamata,Anniellidae,max,24.9,48,Bury_and_Balgooyen_1976,,,,,,
Coleonyx,variegatus,Animalia,Chordata,Reptilia,Squamata,Eublepharidae,"max, min",32.8,13,Dial_and_Grismer_1992,,,,,,
Coleonyx,variegatus,Animalia,Chordata,Reptilia,Squamata,Eublepharidae,"max, min",28.6,18,Vance_1973,,also has multiple acclimation temperatures,,,,
Cophosaurus,texanus,Animalia,Chordata,Reptilia,Squamata,Iguanidae,"max, min",37.9,33,Sartorius_2002,,,,,,
Cordylus,cordylus,Animalia,Chordata,Reptilia,Squamata,Cordylidae,"max, min",32.1,12,Clusella-Trullas_et_al_2007,,,,,,
Cordylus,niger,Animalia,Chordata,Reptilia,Squamata,Cordylidae,"max, min",32.6,10,Clusella-Trullas_et_al_2007,,,,,,
Anolis,cybotes,Animalia,Chordata,Reptilia,Squamata,Dactyloidae,max,30.2,17,Munoz_2014,,,,,,
Anolis,cybotes,Animalia,Chordata,Reptilia,Squamata,Dactyloidae,max,29.3,19,Munoz_2014,,,,,,
Anolis,cybotes,Animalia,Chordata,Reptilia,Squamata,Dactyloidae,max,29.4,21,Munoz_2014,,,,,,
Anolis,cybotes,Animalia,Chordata,Reptilia,Squamata,Dactyloidae,max,30.7,23,Munoz_2014,,,,,,
Anolis,evermanni,Animalia,Chordata,Reptilia,Squamata,Dactyloidae,max,NA,,,,,24.5,,Meiri_et_al_2018,
Anolis,frenatus,Animalia,Chordata,Reptilia,Squamata,Dactyloidae,max,NA,,,,,26.9,,Hertz_et_al_2018,
Cordylus,oelofseni,Animalia,Chordata,Reptilia,Squamata,Cordylidae,"max, min",33.6,10,Clusella-Trullas_et_al_2007,,,,,,
Cordylus,oelofseni,Animalia,Chordata,Reptilia,Squamata,Cordylidae,"max, min",31.57,14,Basson_and_Clusella-Trullas_2015,,,,,,
Cordylus,oelofseni,Animalia,Chordata,Reptilia,Squamata,Cordylidae,"max, min",33.6,14,Basson_and_Clusella-Trullas_2015,,,,,,
Anolis,krugi,Animalia,Chordata,Reptilia,Squamata,Dactyloidae,max,NA,,,,,28.7,,Meiri_et_al_2018,
Ctenophorus,decresii,Animalia,Chordata,Reptilia,Squamata,Agamidae,"max, min",35.9,40,Walker_et_al_2015,,,,,,
Anolis,marcanoi,Animalia,Chordata,Reptilia,Squamata,Dactyloidae,max,NA,,,,,35.7,,Meiri_et_al_2018,
Anolis,oculatus,Animalia,Chordata,Reptilia,Squamata,Dactyloidae,max,NA,,,,,27.4,,Meiri_et_al_2018,
Anolis,pulchellus,Animalia,Chordata,Reptilia,Squamata,Dactyloidae,max,NA,,,,,32.7,,Meiri_et_al_2018,
Anolis,roquet,Animalia,Chordata,Reptilia,Squamata,Dactyloidae,max,NA,,,,,26.5,,Meiri_et_al_2018,
Anolis,semilineatus,Animalia,Chordata,Reptilia,Squamata,Dactyloidae,max,NA,,,,,31.5,,Meiri_et_al_2018,
Anolis,shrevei,Animalia,Chordata,Reptilia,Squamata,Dactyloidae,max,NA,,,,,29.2,,Meiri_et_al_2018,
Anolis,stratulus,Animalia,Chordata,Reptilia,Squamata,Dactyloidae,max,30,,Clusella-Trullas_et_al_2011,,,30,,Meiri_et_al_2018,
Anomalopus,brevicollis,Animalia,Chordata,Reptilia,Squamata,Scincidae,max,NA,,,,,,,,
Anomalopus,leuckartii,Animalia,Chordata,Reptilia,Squamata,Scincidae,max,NA,,,,,,,,
Arizona,elegans,Animalia,Chordata,Reptilia,Squamata,Colubridae,max,26.3,,Clusella-Trullas_et_al_2011,,,,,,
Ctenotus,regius,Animalia,Chordata,Reptilia,Squamata,Scincidae,"max, min",35.6,13,Bennett_and_John-Alder_1986,,,,,,
Basiliscus,vittatus,Animalia,Chordata,Reptilia,Squamata,Corytophanidae,max,NA,,,,,36.2,,Meiri_et_al_2018,
Ctenotus,taeniolatus,Animalia,Chordata,Reptilia,Squamata,Scincidae,"max, min",35.3,6,Bennett_and_John-Alder_1986,,,,,,
Bassiana,platynota,Animalia,Chordata,Reptilia,Squamata,Scincidae,max,NA,,,,,NA,,,
Calyptotis,temporalis,Animalia,Chordata,Reptilia,Squamata,Scincidae,max,NA,,,,,NA,,,
Carlia,longipes,Animalia,Chordata,Reptilia,Squamata,Scincidae,max,NA,,,,,30.8,,Meiri_et_al_2018,
Carlia,munda,Animalia,Chordata,Reptilia,Squamata,Scincidae,max,NA,,,,,NA,3,https://onlinelibrary.wiley.com/doi/full/10.1002/ece3.1961,
Carlia,pectoralis,Animalia,Chordata,Reptilia,Squamata,Scincidae,max,NA,,,,,NA,,,
Carlia,rhomboidalis,Animalia,Chordata,Reptilia,Squamata,Scincidae,max,NA,,,,,28.9,,Meiri_et_al_2018,
Carlia,vivax,Animalia,Chordata,Reptilia,Squamata,Scincidae,max,NA,,,,,30.5,,Meiri_et_al_2018,
Ctenotus,uber,Animalia,Chordata,Reptilia,Squamata,Scincidae,"max, min",35.3,6,Bennett_and_John-Alder_1986,,,,,,
Dipsosaurus,dorsalis,Animalia,Chordata,Reptilia,Squamata,Iguanidae,"max, min",38.5,19,Bradshaw_1988,De Witt 1967,,,,,
Dipsosaurus,dorsalis,Animalia,Chordata,Reptilia,Squamata,Iguanidae,"max, min",38.6,7,Pianka_1971,,,,,,
Dipsosaurus,dorsalis,Animalia,Chordata,Reptilia,Squamata,Iguanidae,"max, min",38.8,20,Crowley_1985,Licht 1964a cited in Dawson 1967,,,,,
Dipsosaurus,dorsalis,Animalia,Chordata,Reptilia,Squamata,Iguanidae,"max, min",40,,Adams_1987,"Norris, 1953",,,,,
Charina,bottae,Animalia,Chordata,Reptilia,Squamata,Boidae,max,27.4,19,Dorcas_and_Peterson_1997,,,,,,
Chionactis,occipitalis,Animalia,Chordata,Reptilia,Squamata,Colubridae,max,NA,,,,,,,,
Chondrodactylus,angulifer,Animalia,Chordata,Reptilia,Squamata,Gekkonidae,max,NA,,,,,25.6,,Meiri_et_al_2018,
Chondrodactylus,bibronii,Animalia,Chordata,Reptilia,Squamata,Gekkonidae,max,NA,,,,,29.8,,Meiri_et_al_2018,
Egernia,cunninghami,Animalia,Chordata,Reptilia,Squamata,Scincidae,"max, min",32.5,10,Wilson_1974,,,,,,
Egernia,cunninghami,Animalia,Chordata,Reptilia,Squamata,Scincidae,"max, min",33.3,5,Light_et_al_1966,,,,,,
Egernia,saxatilis,Animalia,Chordata,Reptilia,Squamata,Scincidae,"max, min",33.5,,Clusella-Trullas_et_al_2011,,,,,,
Coluber,constrictor,Animalia,Chordata,Reptilia,Squamata,Colubridae,max,29,43,Howey_2014,,,,,,
Coluber,constrictor,Animalia,Chordata,Reptilia,Squamata,Colubridae,max,31.5,6,Kitchell_1969,,,,,,
Egernia,striolata,Animalia,Chordata,Reptilia,Squamata,Scincidae,"max, min",32.7,6,Bennett_and_John-Alder_1986,,,,,,
Elgaria,multicarinata,Animalia,Chordata,Reptilia,Squamata,Anguidae,"max, min",30,NA,Licht_1964,,,,,,
Elgaria,multicarinata,Animalia,Chordata,Reptilia,Squamata,Anguidae,"max, min",26.2,12,Crowley_1985,Bennett 1980,,,,,
Eremias,argus,Animalia,Chordata,Reptilia,Squamata,Lacertidae,"max, min",35.86,12,Li_et_al_2009,,different acclimation temperatures,,,,
Eremias,argus,Animalia,Chordata,Reptilia,Squamata,Lacertidae,"max, min",36.1,12,Li_et_al_2009,,different acclimation temperatures,,,,
Eremias,argus,Animalia,Chordata,Reptilia,Squamata,Lacertidae,"max, min",35.53,12,Li_et_al_2009,,different acclimation temperatures,,,,
Eremias,argus,Animalia,Chordata,Reptilia,Squamata,Lacertidae,"max, min",35.3,21,Li_et_al_2017,,,,,,
Eremias,brenchleyi,Animalia,Chordata,Reptilia,Squamata,Lacertidae,"max, min",36.5,12,Li_et_al_2009,,different acclimation temperatures,,,,
Eremias,brenchleyi,Animalia,Chordata,Reptilia,Squamata,Lacertidae,"max, min",37.14,12,Li_et_al_2009,,different acclimation temperatures,,,,
Eremias,brenchleyi,Animalia,Chordata,Reptilia,Squamata,Lacertidae,"max, min",35.65,12,Li_et_al_2009,,different acclimation temperatures,,,,
Eremias,brenchleyi,Animalia,Chordata,Reptilia,Squamata,Lacertidae,"max, min",33.5,16,Xu_and_Ji_2006,,different ages,,,,
Eremias,brenchleyi,Animalia,Chordata,Reptilia,Squamata,Lacertidae,"max, min",31.7,17,Xu_and_Ji_2006,,different ages,,,,
Crotalus,atrox,Animalia,Chordata,Reptilia,Squamata,Viperidae,max,NA,,,,,29.3,8,Taylor_et_al_2003,mean across summer months only 
Crotalus,cerastes,Animalia,Chordata,Reptilia,Squamata,Viperidae,max,NA,,,,,25.8,37,Moore_1978,
Crotalus,scutulatus,Animalia,Chordata,Reptilia,Squamata,Viperidae,max,NA,,,,,25,38,Cardwell_2007,
Crotalus,viridis,Animalia,Chordata,Reptilia,Squamata,Viperidae,max,30.7,10,Gier_et_al_1989,,,,,,
Crotalus,viridis,Animalia,Chordata,Reptilia,Squamata,Viperidae,max,28.5,10,Gier_et_al_1989,,,,,,
Crotaphytus,collaris,Animalia,Chordata,Reptilia,Squamata,Crotaphytidae,max,33,9,Sievert_and_Hutchison_1989,,"male vs female, different light treatments",,,,
Crotaphytus,collaris,Animalia,Chordata,Reptilia,Squamata,Crotaphytidae,max,30.5,9,Sievert_and_Hutchison_1989,,"male vs female, different light treatments",,,,
Crotaphytus,collaris,Animalia,Chordata,Reptilia,Squamata,Crotaphytidae,max,31.8,9,Sievert_and_Hutchison_1989,,"male vs female, different light treatments",,,,
Crotaphytus,collaris,Animalia,Chordata,Reptilia,Squamata,Crotaphytidae,max,34.1,6,Sievert_and_Hutchison_1989,,"male vs female, different light treatments",,,,
Crotaphytus,collaris,Animalia,Chordata,Reptilia,Squamata,Crotaphytidae,max,34.3,6,Sievert_and_Hutchison_1989,,"male vs female, different light treatments",,,,
Crotaphytus,collaris,Animalia,Chordata,Reptilia,Squamata,Crotaphytidae,max,32.9,6,Sievert_and_Hutchison_1989,,"male vs female, different light treatments",,,,
Cryptoblepharus,litoralis,Animalia,Chordata,Reptilia,Squamata,Scincidae,max,NA,,,,,NA,,,
Cryptoblepharus,plagiocephalus,Animalia,Chordata,Reptilia,Squamata,Scincidae,max,NA,,,,,32.6,,Meiri_et_al_2018,
Cryptoblepharus,virgatus,Animalia,Chordata,Reptilia,Squamata,Scincidae,max,NA,,,,,NA,,,
Ctenophorus,cristatus,Animalia,Chordata,Reptilia,Squamata,Agamidae,max,NA,,,,,NA,,,
Eremias,multiocellata,Animalia,Chordata,Reptilia,Squamata,Lacertidae,"max, min",34.63,12,Li_et_al_2009,,different acclimation temperatures,,,,
Eremias,multiocellata,Animalia,Chordata,Reptilia,Squamata,Lacertidae,"max, min",35.64,12,Li_et_al_2009,,different acclimation temperatures,,,,
Eremias,multiocellata,Animalia,Chordata,Reptilia,Squamata,Lacertidae,"max, min",35.26,12,Li_et_al_2009,,different acclimation temperatures,,,,
Eremias,multiocellata,Animalia,Chordata,Reptilia,Squamata,Lacertidae,"max, min",35.2,21,Li_et_al_2019,,,,,,
Ctenophorus,fordi,Animalia,Chordata,Reptilia,Squamata,Agamidae,max,NA,,,,,38.4,,Meiri_et_al_2018,
Ctenophorus,maculosus,Animalia,Chordata,Reptilia,Squamata,Agamidae,max,NA,,,,,38.4,,Meiri_et_al_2018,
Ctenophorus,nuchalis,Animalia,Chordata,Reptilia,Squamata,Agamidae,max,36.4,,Bradshaw_1988,Licht et al. 1996,,,,,
Ctenophorus,pictus,Animalia,Chordata,Reptilia,Squamata,Agamidae,max,NA,,,,,34.2,,Meiri_et_al_2018,
Ctenophorus,reticulatus,Animalia,Chordata,Reptilia,Squamata,Agamidae,max,36.9,,Clusella-Trullas_et_al_2011,,,35.5,,Meiri_et_al_2018,
Ctenotus,pantherinus,Animalia,Chordata,Reptilia,Squamata,Scincidae,max,36.1,15,Gordon_et_al_2010,,,,,,
Eremiascincus,fasciolatus,Animalia,Chordata,Reptilia,Squamata,Scincidae,"max, min",24.4,10,Bennett_and_John-Alder_1986,,,,,,
Eremiascincus,fasciolatus,Animalia,Chordata,Reptilia,Squamata,Scincidae,"max, min",21.2,10,Bennett_and_John-Alder_1986,,,,,,
Ctenotus,spaldingi,Animalia,Chordata,Reptilia,Squamata,Scincidae,max,NA,,,,,,,,
Eulamprus,heatwolei,Animalia,Chordata,Reptilia,Squamata,Scincidae,"max, min",32.2,11,Schwarzkopf_and_Shine_1991,,,,,,
Eulamprus,kosciuskoi,Animalia,Chordata,Reptilia,Squamata,Scincidae,"max, min",29.8,8,Bennett_and_John-Alder_1986,,,,,,
Eulamprus,kosciuskoi,Animalia,Chordata,Reptilia,Squamata,Scincidae,"max, min",30.8,7,Bennett_and_John-Alder_1986,"Spellerberg, 1972c",,,,,
Eulamprus,kosciuskoi,Animalia,Chordata,Reptilia,Squamata,Scincidae,"max, min",30.84,21,Bell_et_al_2019,,,,,,
Cyclodomorphus,branchialis,Animalia,Chordata,Reptilia,Squamata,Scincidae,max,NA,,,,,34.7,,Meiri_et_al_2018,
Cyclodomorphus,melanops,Animalia,Chordata,Reptilia,Squamata,Scincidae,max,NA,,,,,34.8,,Meiri_et_al_2018,
Eulamprus,quoyii,Animalia,Chordata,Reptilia,Squamata,Scincidae,"max, min",28.8,7,Bennett_and_John-Alder_1986,,,,,,
Eulamprus,quoyii,Animalia,Chordata,Reptilia,Squamata,Scincidae,"max, min",31.1,23,Bennett_and_John-Alder_1986,"Vernon and Heatwole, 1970",,,,,
Eulamprus,quoyii,Animalia,Chordata,Reptilia,Squamata,Scincidae,"max, min",29.6,12,Bennett_and_John-Alder_1986,"Spellerberg, 1972c",,,,,
Eulamprus,quoyii,Animalia,Chordata,Reptilia,Squamata,Scincidae,"max, min",27.15,16,,,,,,,
Eulamprus,tympanum,Animalia,Chordata,Reptilia,Squamata,Scincidae,"max, min",29.6,8,Bennett_and_John-Alder_1986,,,,,,
Eulamprus,tympanum,Animalia,Chordata,Reptilia,Squamata,Scincidae,"max, min",29.8,16,Bennett_and_John-Alder_1986,"Spellerberg, 1972c",,,,,
Eulamprus,tympanum,Animalia,Chordata,Reptilia,Squamata,Scincidae,"max, min",29.1,16,Bennett_and_John-Alder_1986,"Vernon and Heatwole, 1970",,,,,
Gehyra,variegata,Animalia,Chordata,Reptilia,Squamata,Gekkonidae,"max, min",35.3,7,Light_et_al_1966,,,,,,
Gehyra,variegata,Animalia,Chordata,Reptilia,Squamata,Gekkonidae,"max, min",33.72,9,Angilletta_and_Werner_1998,,,,,,
Hemachatus,haemachatus,Animalia,Chordata,Reptilia,Squamata,Elapidae,"max, min",21,,Alexander_1996,,,,,,
Elgaria,coerulea,Animalia,Chordata,Reptilia,Squamata,Anguidae,max,20.1,25,Campbell_1981,,,,,,
Elgaria,coerulea,Animalia,Chordata,Reptilia,Squamata,Anguidae,max,23.7,15,Campbell_1981,,,,,,
Elgaria,coerulea,Animalia,Chordata,Reptilia,Squamata,Anguidae,max,24.8,15,Campbell_1981,,,,,,
Elgaria,coerulea,Animalia,Chordata,Reptilia,Squamata,Anguidae,max,27.8,15,Campbell_1981,,,,,,
Hemidactylus,frenatus,Animalia,Chordata,Reptilia,Squamata,Gekkonidae,"max, min",31.7,21,Lapwong_et_al_2020,,,,,,
Hemidactylus,frenatus,Animalia,Chordata,Reptilia,Squamata,Gekkonidae,"max, min",31.5,21,Lapwong_et_al_2020,,,,,,
Hemidactylus,frenatus,Animalia,Chordata,Reptilia,Squamata,Gekkonidae,"max, min",31.2,19,Lapwong_et_al_2020,,,,,,
Hemidactylus,frenatus,Animalia,Chordata,Reptilia,Squamata,Gekkonidae,"max, min",31.5,19,Lapwong_et_al_2020,,,,,,
Hemidactylus,frenatus,Animalia,Chordata,Reptilia,Squamata,Gekkonidae,"max, min",24.9,16,Lapwong_et_al_2020,,,,,,
Hemidactylus,frenatus,Animalia,Chordata,Reptilia,Squamata,Gekkonidae,"max, min",27.9,16,Lapwong_et_al_2020,,,,,,
Hemidactylus,frenatus,Animalia,Chordata,Reptilia,Squamata,Gekkonidae,"max, min",29,20,Lapwong_et_al_2020,,,,,,
Hemidactylus,frenatus,Animalia,Chordata,Reptilia,Squamata,Gekkonidae,"max, min",31,20,Lapwong_et_al_2020,,,,,,
Hemidactylus,frenatus,Animalia,Chordata,Reptilia,Squamata,Gekkonidae,"max, min",26.3,11,Lapwong_et_al_2020,,,,,,
Hemidactylus,frenatus,Animalia,Chordata,Reptilia,Squamata,Gekkonidae,"max, min",29.5,11,Lapwong_et_al_2020,,,,,,
Hemidactylus,frenatus,Animalia,Chordata,Reptilia,Squamata,Gekkonidae,"max, min",28.7,20,Lapwong_et_al_2020,,,,,,
Hemidactylus,frenatus,Animalia,Chordata,Reptilia,Squamata,Gekkonidae,"max, min",30,20,Lapwong_et_al_2020,,,,,,
Hemidactylus,turcicus,Animalia,Chordata,Reptilia,Squamata,Gekkonidae,"max, min",28.4,,Angilletta_et_al_1999,,,,,,
Hemiergis,decresiensis,Animalia,Chordata,Reptilia,Squamata,Scincidae,"max, min",24.8,,Huey_et_al_1987,,,,,,
Heteronotia,binoei,Animalia,Chordata,Reptilia,Squamata,Gekkonidae,"max, min",30,6,Light_et_al_1966,,,,,,
Lacerta,agilis,Animalia,Chordata,Reptilia,Squamata,Lacertidae,"max, min",34.7,9,Bauwens_and_Garland_1995,,median Tb,,,,
Lampropholis,delicata,Animalia,Chordata,Reptilia,Squamata,Scincidae,"max, min",29.26,57,Merritt_et_al_2013,,,,,,
Lampropholis,delicata,Animalia,Chordata,Reptilia,Squamata,Scincidae,"max, min",25.84,28,Goulet_et_al_2016,,,,,,
Lampropholis,delicata,Animalia,Chordata,Reptilia,Squamata,Scincidae,"max, min",26.42,28,Goulet_et_al_2016,,,,,,
Lampropholis,delicata,Animalia,Chordata,Reptilia,Squamata,Scincidae,"max, min",26.58,22,Mathews_et_al_2016,,,,,,
Lampropholis,delicata,Animalia,Chordata,Reptilia,Squamata,Scincidae,"max, min",30.5,60,Downes_and_Hoefer_2008,,,,,,
Lampropholis,guichenoti,Animalia,Chordata,Reptilia,Squamata,Scincidae,"max, min",33.75,NA,Fraser_and_Grigg_1984,,,,,,
Eulamprus,murrayi,Animalia,Chordata,Reptilia,Squamata,Scincidae,max,NA,,,,,NA,,,
Lepidophyma,flavimaculatum,Animalia,Chordata,Reptilia,Squamata,Xantusiidae,"max, min",NA,,,,,27.6,,,
Lepidophyma,flavimaculatum,Animalia,Chordata,Reptilia,Squamata,Xantusiidae,"max, min",NA,,,,,27.26,16,Arenas-Morena_et_al_2018,
Eulamprus,tenuis,Animalia,Chordata,Reptilia,Squamata,Scincidae,max,NA,,,,,27,14,Arenas-Morena_et_al_2018,
Liolaemus,abaucan,Animalia,Chordata,Reptilia,Squamata,Iguanidae,"max, min",34.7,9,Cruz_et_al_2011,,,,,Meiri_et_al_2018,
Liolaemus,abaucan,Animalia,Chordata,Reptilia,Squamata,Iguanidae,"max, min",35.184,16,Cruz_et_al_2014,,,,,,
Gambelia,wislizenii,Animalia,Chordata,Reptilia,Squamata,Crotaphytidae,min,NA,,,,,38.1,,Meiri_et_al_2018,
Liolaemus,albiceps,Animalia,Chordata,Reptilia,Squamata,Iguanidae,"max, min",34.9,8,Cruz_et_al_2011,,,,,,
Liolaemus,albiceps,Animalia,Chordata,Reptilia,Squamata,Iguanidae,"max, min",35.654,23,Cruz_et_al_2014,,,,,,
Liolaemus,albiceps,Animalia,Chordata,Reptilia,Squamata,Iguanidae,"max, min",36.19,10,Valdecantosa_et_al_2013,,,,,,
Glaphyromorphus,punctulatus,Animalia,Chordata,Reptilia,Squamata,Scincidae,max,NA,,,,,,,,
Liolaemus,bibronii,Animalia,Chordata,Reptilia,Squamata,Iguanidae,"max, min",35.14,7,Labra_et_al_2018,Labra_et_al_2009,,,,,
Liolaemus,bibronii,Animalia,Chordata,Reptilia,Squamata,Iguanidae,"max, min",34.11,93,Medina_et_al_2009,,,,,,
Liolaemus,bibronii,Animalia,Chordata,Reptilia,Squamata,Iguanidae,"max, min",8,34.519,Cruz_et_al_2014,,,,,,
Liolaemus,boulengeri,Animalia,Chordata,Reptilia,Squamata,Iguanidae,"max, min",33.82,45,Medina_et_al_2011,,,,,,
Liolaemus,boulengeri,Animalia,Chordata,Reptilia,Squamata,Iguanidae,"max, min",32.92,46,Medina_et_al_2011,,,,,,
Liolaemus,canqueli,Animalia,Chordata,Reptilia,Squamata,Iguanidae,"max, min",35.2,16,Azocar_et_al_2013,,,,,,
Liolaemus,capillitas,Animalia,Chordata,Reptilia,Squamata,Iguanidae,"max, min",NA,,,,,,,,
Hemiergis,quadrilineatum,Animalia,Chordata,Reptilia,Squamata,Scincidae,max,27,4,Light_et_al_1966,,,,,,
Liolaemus,chacoensis,Animalia,Chordata,Reptilia,Squamata,Iguanidae,"max, min",32.8,44,Astudillo_et_al_2019,,,,,,
Liolaemus,chacoensis,Animalia,Chordata,Reptilia,Squamata,Iguanidae,"max, min",33.1,7,Cruz_et_al_2011,,,,,,
Liolaemus,chacoensis,Animalia,Chordata,Reptilia,Squamata,Iguanidae,"max, min",32.79,36,Cruz_et_al_2014,,,,,,
Holbrookia,maculata,Animalia,Chordata,Reptilia,Squamata,Iguanidae,max,NA,,,,,36.3,,Meiri_et_al_2018,
Hoplodactylus,maculatus,Animalia,Chordata,Reptilia,Squamata,Gekkonidae,min,24.29,13,Rock_and_Cree_2008,,"average of values before and after implantation, across times of day",,,,
Hoplodactylus,maculatus,Animalia,Chordata,Reptilia,Squamata,Gekkonidae,min,26.39,50,Tocher_1992,,different populations,,,,
Hoplodactylus,maculatus,Animalia,Chordata,Reptilia,Squamata,Gekkonidae,min,24.87,54,Tocher_1992,,different populations,,,,
Hoplodactylus,maculatus,Animalia,Chordata,Reptilia,Squamata,Gekkonidae,min,35.7,NA,Clarke_1963,,no sample size listed,,,,
Hoplodactylus,maculatus,Animalia,Chordata,Reptilia,Squamata,Gekkonidae,min,23.6,13,Besson_and_Cree_2011,,,,,,
Hoplodactylus,maculatus,Animalia,Chordata,Reptilia,Squamata,Gekkonidae,min,24.88,12,Rock_et_al_2000,,,,,,
Hoplodactylus,maculatus,Animalia,Chordata,Reptilia,Squamata,Gekkonidae,min,24.66,12,Rock_et_al_2000,,,,,,
Hoplodactylus,maculatus,Animalia,Chordata,Reptilia,Squamata,Gekkonidae,min,25.04,12,Rock_et_al_2000,,,,,,
Hoplodactylus,maculatus,Animalia,Chordata,Reptilia,Squamata,Gekkonidae,min,24.51,15,Rock_et_al_2000,,,,,,
Hoplodactylus,maculatus,Animalia,Chordata,Reptilia,Squamata,Gekkonidae,min,27.57,13,Rock_et_al_2000,,,,,,
Hoplodactylus,maculatus,Animalia,Chordata,Reptilia,Squamata,Gekkonidae,min,24.24,12,Rock_et_al_2000,,,,,,
Hoplodactylus,maculatus,Animalia,Chordata,Reptilia,Squamata,Gekkonidae,min,23.27,12,Rock_et_al_2000,,,,,,
Hoplodactylus,maculatus,Animalia,Chordata,Reptilia,Squamata,Gekkonidae,min,21.01,12,Rock_et_al_2000,,,,,,
Hoplodactylus,maculatus,Animalia,Chordata,Reptilia,Squamata,Gekkonidae,min,25.68,12,Rock_et_al_2000,,,,,,
Hoplodactylus,maculatus,Animalia,Chordata,Reptilia,Squamata,Gekkonidae,min,22.05,4,Rock_et_al_2000,,,,,,
Hoplodactylus,maculatus,Animalia,Chordata,Reptilia,Squamata,Gekkonidae,min,23.55,12,Rock_et_al_2000,,,,,,
Hoplodactylus,maculatus,Animalia,Chordata,Reptilia,Squamata,Gekkonidae,min,21.86,10,Rock_et_al_2000,,,,,,
Liolaemus,cuyanus,Animalia,Chordata,Reptilia,Squamata,Iguanidae,"max, min",32.3,7,Cruz_et_al_2011,,,,,,
Liolaemus,cuyanus,Animalia,Chordata,Reptilia,Squamata,Iguanidae,"max, min",34.1,27,Azocar_et_al_2013,,,,,,
Lacerta,schreiberi,Animalia,Chordata,Reptilia,Squamata,Lacertidae,max,35.3,6,Bauwens_and_Garland_1995,,,,,,
Lampropeltis,zonata,Animalia,Chordata,Reptilia,Squamata,Colubridae,max,NA,,,,,,,,
Liolaemus,darwinii,Animalia,Chordata,Reptilia,Squamata,Iguanidae,"max, min",33.6,10,Cruz_et_al_2011,,,,,,
Liolaemus,darwinii,Animalia,Chordata,Reptilia,Squamata,Iguanidae,"max, min",34.821,16,Cruz_et_al_2014,,,,,,
Liolaemus,darwinii,Animalia,Chordata,Reptilia,Squamata,Iguanidae,"max, min",34.889,33,Cruz_et_al_2014,,,,,,
Liolaemus,elongatus,Animalia,Chordata,Reptilia,Squamata,Iguanidae,"max, min",29.9,22,Ibarguengoytia_2005,,,,,,
Liolaemus,elongatus,Animalia,Chordata,Reptilia,Squamata,Iguanidae,"max, min",36.038,13,Cruz_et_al_2014,,,,,,
Liolaemus,elongatus,Animalia,Chordata,Reptilia,Squamata,Iguanidae,"max, min",36.41,10,Duran_et_al_2018,,,,,,
Liolaemus,fitzingerii,Animalia,Chordata,Reptilia,Squamata,Iguanidae,"max, min",35.9,8,Azocar_et_al_2013,,,,,,
Liolaemus,fitzingerii,Animalia,Chordata,Reptilia,Squamata,Iguanidae,"max, min",33.043,9,Cruz_et_al_2014,,,,,,
Lerista,frosti,Animalia,Chordata,Reptilia,Squamata,Scincidae,max,NA,,,,,,,,
Lerista,neander,Animalia,Chordata,Reptilia,Squamata,Scincidae,max,NA,,,,,,,,
Lerista,orientalis,Animalia,Chordata,Reptilia,Squamata,Scincidae,max,NA,,,,,,,,
Lerista,terdigitata,Animalia,Chordata,Reptilia,Squamata,Scincidae,max,NA,,,,,,,,
Liolaemus,irregularis,Animalia,Chordata,Reptilia,Squamata,Iguanidae,"max, min",35.8,4,Cruz_et_al_2011,,,,,,
Liolaemus,irregularis,Animalia,Chordata,Reptilia,Squamata,Iguanidae,"max, min",36.118,22,Cruz_et_al_2014,,,,,,
Liolaemus,irregularis,Animalia,Chordata,Reptilia,Squamata,Iguanidae,"max, min",36.41,10,Valdecantosa_et_al_2013,,,,,,
Liolaemus,irregularis,Animalia,Chordata,Reptilia,Squamata,Iguanidae,"max, min",36.16,12,Valdecantosa_et_al_2013,,,,,,
Liolaemus,irregularis,Animalia,Chordata,Reptilia,Squamata,Iguanidae,"max, min",36.57,5,Valdecantosa_et_al_2013,,,,,,
Liolaemus,irregularis,Animalia,Chordata,Reptilia,Squamata,Iguanidae,"max, min",35.37,10,Valdecantosa_et_al_2013,,,,,,
Liolaemus,kingii,Animalia,Chordata,Reptilia,Squamata,Iguanidae,"max, min",34.801,7,Cruz_et_al_2014,,,,,,
Liolaemus,alticolor,Animalia,Chordata,Reptilia,Squamata,Iguanidae,min,32.92,15,Labra_et_al_2008,Labra_et_al_2009,,,,,
Liolaemus,alticolor,Animalia,Chordata,Reptilia,Squamata,Iguanidae,min,34.5,,Labra_et_al_2008,Marquet et al. 1989,,,,,
Liolaemus,koslowskyi,Animalia,Chordata,Reptilia,Squamata,Iguanidae,"max, min",34.1,10,Cruz_et_al_2011,,,,,,
Liolaemus,koslowskyi,Animalia,Chordata,Reptilia,Squamata,Iguanidae,"max, min",34.688,36,Cruz_et_al_2014,,,,,,
Liolaemus,bisignatus,Animalia,Chordata,Reptilia,Squamata,Iguanidae,min,34.75,13,Labra_et_al_2008,Labra_et_al_2009,,,,,
Liolaemus,kriegi,Animalia,Chordata,Reptilia,Squamata,Iguanidae,"max, min",33.89,,Labra_et_al_2008,Este articulo,,,,,
Liolaemus,kriegi,Animalia,Chordata,Reptilia,Squamata,Iguanidae,"max, min",35.171,15,Cruz_et_al_2014,,,,,,
Liolaemus,laurenti,Animalia,Chordata,Reptilia,Squamata,Iguanidae,"max, min",34.5,7,Cruz_et_al_2011,,,,,,
Liolaemus,laurenti,Animalia,Chordata,Reptilia,Squamata,Iguanidae,"max, min",35.314,22,Cruz_et_al_2014,,,,,,
Liolaemus,melanops,Animalia,Chordata,Reptilia,Squamata,Iguanidae,"max, min",36,6,Azocar_et_al_2013,,,,,,
Liolaemus,multicolor,Animalia,Chordata,Reptilia,Squamata,Iguanidae,"max, min",34.875,3,Cruz_et_al_2014,,,,,,
Liolaemus,multicolor,Animalia,Chordata,Reptilia,Squamata,Iguanidae,"max, min",35.19,12,Valdecantosa_et_al_2013,,,,,,
Liolaemus,chiliensis,Animalia,Chordata,Reptilia,Squamata,Iguanidae,min,35.16,6,Labra_et_al_2008,Labra_et_al_2009,,,,,
Liolaemus,constanzae,Animalia,Chordata,Reptilia,Squamata,Iguanidae,min,34.31,11,Labra_et_al_2008,Labra_et_al_2001,,,,,
Liolaemus,curis,Animalia,Chordata,Reptilia,Squamata,Iguanidae,min,35.9,3,Labra_et_al_2009,,,,,,
Liolaemus,multimaculatus,Animalia,Chordata,Reptilia,Squamata,Iguanidae,"max, min",35.37,13,Stellatelli_et_al_2013,,,,,,
Liolaemus,multimaculatus,Animalia,Chordata,Reptilia,Squamata,Iguanidae,"max, min",37.2,102,Stellatelli_et_al_2020,,multiple populations,,,,
Liolaemus,multimaculatus,Animalia,Chordata,Reptilia,Squamata,Iguanidae,"max, min",35.372,13,Cruz_et_al_2014,,,,,,
Liolaemus,cyanogaster,Animalia,Chordata,Reptilia,Squamata,Iguanidae,min,33.79,2,Labra_et_al_2008,Labra_et_al_2009,,,,,
Liolaemus,olongasta,Animalia,Chordata,Reptilia,Squamata,Iguanidae,"max, min",35.4,10,Cruz_et_al_2011,,,,,,
Liolaemus,olongasta,Animalia,Chordata,Reptilia,Squamata,Iguanidae,"max, min",33.78,32,Cruz_et_al_2014,,,,,,
Liolaemus,eleodori,Animalia,Chordata,Reptilia,Squamata,Iguanidae,min,NA,,,,,,,,
Liolaemus,petrophilus,Animalia,Chordata,Reptilia,Squamata,Iguanidae,"max, min",35.216,9,Cruz_et_al_2014,,,,,,
Liolaemus,fabiani,Animalia,Chordata,Reptilia,Squamata,Iguanidae,min,31.46,21,Labra_et_al_2008,Labra_et_al_2001,,,,,
Liolaemus,fabiani,Animalia,Chordata,Reptilia,Squamata,Iguanidae,min,32.7,15,Labra_et_al_2008,,,,,,
Liolaemus,fitzgeraldi,Animalia,Chordata,Reptilia,Squamata,Iguanidae,min,35.68,5,Labra_et_al_2008,Labra_et_al_2009,,,,,
Liolaemus,poecilochromus,Animalia,Chordata,Reptilia,Squamata,Iguanidae,"max, min",34.689,8,Cruz_et_al_2014,,,,,,
Liolaemus,fuscus,Animalia,Chordata,Reptilia,Squamata,Iguanidae,min,35.3,5,Labra_and_Bozinovic_2002,,,,,,
Liolaemus,fuscus,Animalia,Chordata,Reptilia,Squamata,Iguanidae,min,34.4,1,Labra_and_Bozinovic_2002,,,,,,
Liolaemus,hellmichi,Animalia,Chordata,Reptilia,Squamata,Iguanidae,min,33.69,5,Labra_et_al_2008,Labra_et_al_2009,,,,,
Liolaemus,pseudoanomalus,Animalia,Chordata,Reptilia,Squamata,Iguanidae,"max, min",33.403,16,Cruz_et_al_2014,,,,,,
Liolaemus,jamesi,Animalia,Chordata,Reptilia,Squamata,Iguanidae,min,32.94,18,Labra_et_al_2008,Labra_et_al_2009,,,,,
Liolaemus,jamesi,Animalia,Chordata,Reptilia,Squamata,Iguanidae,min,36,,Labra_et_al_2008,Marquet et al. 1989,,,,,
Liolaemus,quilmes,Animalia,Chordata,Reptilia,Squamata,Iguanidae,"max, min",34.1,10,Cruz_et_al_2011,,,,,,
Liolaemus,quilmes,Animalia,Chordata,Reptilia,Squamata,Iguanidae,"max, min",35.463,33,Cruz_et_al_2014,,,,,,
Liolaemus,riojanus,Animalia,Chordata,Reptilia,Squamata,Iguanidae,"max, min",36.196,3,Cruz_et_al_2014,,,,,,
Liolaemus,robertmertensi,Animalia,Chordata,Reptilia,Squamata,Iguanidae,"max, min",NA,,,,,36.3,,Meiri_et_al_2018,
Liolaemus,rothi,Animalia,Chordata,Reptilia,Squamata,Iguanidae,"max, min",33.287,3,Cruz_et_al_2014,,,,,,
Liolaemus,lemniscatus,Animalia,Chordata,Reptilia,Squamata,Iguanidae,min,35.2,19,Labra_1998,,,,,,
Liolaemus,lemniscatus,Animalia,Chordata,Reptilia,Squamata,Iguanidae,min,35.9,1,Labra_and_Bozinovic_2002,,pregnant,,,,
Liolaemus,leopardinus,Animalia,Chordata,Reptilia,Squamata,Iguanidae,min,34.24,4,Labra_et_al_2008,Labra_et_al_2009,,,,,
Liolaemus,lorenzmuelleri,Animalia,Chordata,Reptilia,Squamata,Iguanidae,min,36.13,5,Labra_et_al_2008,Labra_et_al_2009,,,,,
Liolaemus,salinicola,Animalia,Chordata,Reptilia,Squamata,Iguanidae,"max, min",34.258,8,Cruz_et_al_2014,,,,,,
Liolaemus,monticola,Animalia,Chordata,Reptilia,Squamata,Iguanidae,min,36.8,10,Labra_and_Bozinovic_2002,,not pregnant,,,,
Liolaemus,monticola,Animalia,Chordata,Reptilia,Squamata,Iguanidae,min,35.7,1,Labra_and_Bozinovic_2002,,pregnant,,,,
Liolaemus,scapularis,Animalia,Chordata,Reptilia,Squamata,Iguanidae,"max, min",32.98,10,Cruz_et_al_2014,,,,,,
Liolaemus,telsen,Animalia,Chordata,Reptilia,Squamata,Iguanidae,"max, min",NA,,,,,,,,
Liolaemus,nigromaculatus,Animalia,Chordata,Reptilia,Squamata,Iguanidae,min,35.12,6,Labra_et_al_2008,Labra_et_al_2009,,,,,
Liolaemus,nigroviridis,Animalia,Chordata,Reptilia,Squamata,Iguanidae,min,36.31,10,Labra_et_al_2008,Labra_et_al_2009,,,,,
Liolaemus,nitidus,Animalia,Chordata,Reptilia,Squamata,Iguanidae,min,35.7,12,Labra_1998,,,,,,
Liolaemus,xanthoviridis,Animalia,Chordata,Reptilia,Squamata,Iguanidae,"max, min",36.7,35.6,Azocar_et_al_2013,,,,,,
Liolaemus,xanthoviridis,Animalia,Chordata,Reptilia,Squamata,Iguanidae,"max, min",33.673,7,Cruz_et_al_2014,,,,,,
Liolaemus,ornatus,Animalia,Chordata,Reptilia,Squamata,Iguanidae,min,35.32,21,Labra_et_al_2008,Labra_et_al_2009,,,,,
Liolaemus,ornatus,Animalia,Chordata,Reptilia,Squamata,Iguanidae,min,36.5,9,Cruz_et_al_2011,,,,,,
Liolaemus,ornatus,Animalia,Chordata,Reptilia,Squamata,Iguanidae,min,36.248,15,Cruz_et_al_2014,,,,,,
Lophognathus,gilberti,Animalia,Chordata,Reptilia,Squamata,Agamidae,"max, min",NA,,,,,33.7,,Meiri_et_al_2018,
Liolaemus,pictus,Animalia,Chordata,Reptilia,Squamata,Iguanidae,min,34.3,24,Labra_1998,,,,,,
Liolaemus,pictus,Animalia,Chordata,Reptilia,Squamata,Iguanidae,min,36.6,27,Kubisch_et_al_2016,Gutierrez et al. 2010,,,,,
Liolaemus,pictus,Animalia,Chordata,Reptilia,Squamata,Iguanidae,min,36.07,8,Kubisch_et_al_2016,,different acclimation temperatures,,,,
Liolaemus,pictus,Animalia,Chordata,Reptilia,Squamata,Iguanidae,min,39.09,14,Kubisch_et_al_2016,,different acclimation temperatures,,,,
Liolaemus,pictus,Animalia,Chordata,Reptilia,Squamata,Iguanidae,min,36.81,33,Artacho_et_al_2017,,different populations and sexes,,,,
Liolaemus,pictus,Animalia,Chordata,Reptilia,Squamata,Iguanidae,min,36.03,34,Artacho_et_al_2017,,different populations and sexes,,,,
Liolaemus,pictus,Animalia,Chordata,Reptilia,Squamata,Iguanidae,min,36.28,44,Artacho_et_al_2017,,different populations and sexes,,,,
Liolaemus,pictus,Animalia,Chordata,Reptilia,Squamata,Iguanidae,min,36.06,37,Artacho_et_al_2017,,different populations and sexes,,,,
Liolaemus,pictus,Animalia,Chordata,Reptilia,Squamata,Iguanidae,min,38.07,38,Artacho_et_al_2017,,different populations and sexes,,,,
Liolaemus,pictus,Animalia,Chordata,Reptilia,Squamata,Iguanidae,min,37.75,38,Artacho_et_al_2017,,different populations and sexes,,,,
Liolaemus,platei,Animalia,Chordata,Reptilia,Squamata,Iguanidae,min,34.5,15,Labra_et_al_2008,Labra_et_al_2009,,,,,
Moloch,horridus,Animalia,Chordata,Reptilia,Squamata,Agamidae,"max, min",36.7,9,Light_et_al_1966,,,,,,
Nannoscincus,maccoyi,Animalia,Chordata,Reptilia,Squamata,Scincidae,"max, min",21,,Clusella-Trullas_et_al_2011,,,17.8,,Meiri_et_al_2018,
Liolaemus,pseudolemniscatus,Animalia,Chordata,Reptilia,Squamata,Iguanidae,min,34.6,7,Labra_et_al_2008,Labra_et_al_2009,,,,,
Niveoscincus,metallicus,Animalia,Chordata,Reptilia,Squamata,Scincidae,"max, min",29,,Clusella-Trullas_et_al_2011,,,32.2,,Meiri_et_al_2018,
Niveoscincus,ocellatus,Animalia,Chordata,Reptilia,Squamata,Scincidae,"max, min",30.16,5,Yuni_et_al_2018,,mean of lower and upper values in 25th percentile,,,,
Niveoscincus,ocellatus,Animalia,Chordata,Reptilia,Squamata,Scincidae,"max, min",31.48,5,Yuni_et_al_2018,,mean of lower and upper values in 25th percentile,,,,
Niveoscincus,ocellatus,Animalia,Chordata,Reptilia,Squamata,Scincidae,"max, min",29.63,5,Yuni_et_al_2018,,mean of lower and upper values in 25th percentile,,,,
Niveoscincus,ocellatus,Animalia,Chordata,Reptilia,Squamata,Scincidae,"max, min",30.85,5,Yuni_et_al_2018,,mean of lower and upper values in 25th percentile,,,,
Niveoscincus,ocellatus,Animalia,Chordata,Reptilia,Squamata,Scincidae,"max, min",29.12,5,Yuni_et_al_2018,,mean of lower and upper values in 25th percentile,,,,
Niveoscincus,ocellatus,Animalia,Chordata,Reptilia,Squamata,Scincidae,"max, min",31.03,5,Yuni_et_al_2018,,mean of lower and upper values in 25th percentile,,,,
Niveoscincus,ocellatus,Animalia,Chordata,Reptilia,Squamata,Scincidae,"max, min",29.18,5,Yuni_et_al_2018,,mean of lower and upper values in 25th percentile,,,,
Niveoscincus,ocellatus,Animalia,Chordata,Reptilia,Squamata,Scincidae,"max, min",3.98,5,Yuni_et_al_2018,,mean of lower and upper values in 25th percentile,,,,
Niveoscincus,ocellatus,Animalia,Chordata,Reptilia,Squamata,Scincidae,"max, min",28.78,5,Yuni_et_al_2018,,mean of lower and upper values in 25th percentile,,,,
Niveoscincus,ocellatus,Animalia,Chordata,Reptilia,Squamata,Scincidae,"max, min",30,5,Yuni_et_al_2018,,mean of lower and upper values in 25th percentile,,,,
Niveoscincus,ocellatus,Animalia,Chordata,Reptilia,Squamata,Scincidae,"max, min",28.64,5,Yuni_et_al_2018,,mean of lower and upper values in 25th percentile,,,,
Niveoscincus,ocellatus,Animalia,Chordata,Reptilia,Squamata,Scincidae,"max, min",29.88,5,Yuni_et_al_2018,,mean of lower and upper values in 25th percentile,,,,
Niveoscincus,ocellatus,Animalia,Chordata,Reptilia,Squamata,Scincidae,"max, min",28.56,5,Yuni_et_al_2018,,mean of lower and upper values in 25th percentile,,,,
Niveoscincus,ocellatus,Animalia,Chordata,Reptilia,Squamata,Scincidae,"max, min",29.58,5,Yuni_et_al_2018,,mean of lower and upper values in 25th percentile,,,,
Niveoscincus,ocellatus,Animalia,Chordata,Reptilia,Squamata,Scincidae,"max, min",29.63,5,Yuni_et_al_2018,,mean of lower and upper values in 25th percentile,,,,
Niveoscincus,ocellatus,Animalia,Chordata,Reptilia,Squamata,Scincidae,"max, min",30.88,5,Yuni_et_al_2018,,mean of lower and upper values in 25th percentile,,,,
Niveoscincus,ocellatus,Animalia,Chordata,Reptilia,Squamata,Scincidae,"max, min",29.68,5,Yuni_et_al_2018,,mean of lower and upper values in 25th percentile,,,,
Niveoscincus,ocellatus,Animalia,Chordata,Reptilia,Squamata,Scincidae,"max, min",30.88,5,Yuni_et_al_2018,,mean of lower and upper values in 25th percentile,,,,
Notechis,scutatus,Animalia,Chordata,Reptilia,Squamata,Elapidae,"max, min",26.5,11,Ladyman_and_Bradshaw_2003,,,,,,
Notechis,scutatus,Animalia,Chordata,Reptilia,Squamata,Elapidae,"max, min",19.7,6,Ladyman_and_Bradshaw_2003,,,,,,
Notechis,scutatus,Animalia,Chordata,Reptilia,Squamata,Elapidae,"max, min",27.45,10,Ladyman_and_Bradshaw_2003,,,,,,
Notechis,scutatus,Animalia,Chordata,Reptilia,Squamata,Elapidae,"max, min",23.3,9,Ladyman_and_Bradshaw_2003,,,,,,
Notechis,scutatus,Animalia,Chordata,Reptilia,Squamata,Elapidae,"max, min",32.2,7,Lillywhite_1980,,,,,,
Phrynosoma,cornutum,Animalia,Chordata,Reptilia,Squamata,Phrynosomatidae,"max, min",36.3,9,Russel_1997,,,,,,
Phrynosoma,cornutum,Animalia,Chordata,Reptilia,Squamata,Phrynosomatidae,"max, min",38.5,10,Prieto_and_Whitford_1971,,,,,,
Phrynosoma,cornutum,Animalia,Chordata,Reptilia,Squamata,Phrynosomatidae,"max, min",34.2,97,Lara-Res√©ndiz_et_al_2015,,,,,,
Phymaturus,antofagastensis,Animalia,Chordata,Reptilia,Squamata,Liolaemidae,"max, min",33.2,58,Cruz_et_al_2009,,,,,,
Phymaturus,dorsimaculatus,Animalia,Chordata,Reptilia,Squamata,Liolaemidae,"max, min",34.1,3,Cruz_et_al_2011,,,,,,
Phymaturus,dorsimaculatus,Animalia,Chordata,Reptilia,Squamata,Liolaemidae,"max, min",36.3,17,Cruz_et_al_2009,,,,,,
Liolaemus,schroederi,Animalia,Chordata,Reptilia,Squamata,Iguanidae,min,34.9,9,Labra_1998,,,,,,
Phymaturus,indistinctus,Animalia,Chordata,Reptilia,Squamata,Liolaemidae,"max, min",34.1,5,Cruz_et_al_2009,,,,,,
Liolaemus,tenuis,Animalia,Chordata,Reptilia,Squamata,Iguanidae,min,37.2,4,Labra_1998,,subspecies: tenuis,,,,
Liolaemus,tenuis,Animalia,Chordata,Reptilia,Squamata,Iguanidae,min,35.36,9,Labra_et_al_2008,Labra_et_al_2009,subspecies: punctatisimus,,,,
Liolaemus,vallecurensis,Animalia,Chordata,Reptilia,Squamata,Iguanidae,min,35.91,4,Labra_et_al_2008,Labra_et_al_2009,,,,,
Liolaemus,walkeri,Animalia,Chordata,Reptilia,Squamata,Iguanidae,min,33.76,2,Labra_et_al_2008,Labra_et_al_2009,,,,,
Phymaturus,palluma,Animalia,Chordata,Reptilia,Squamata,Liolaemidae,"max, min",35.3,18,Cruz_et_al_2009,,,,,,
Phymaturus,somuncurensis,Animalia,Chordata,Reptilia,Squamata,Liolaemidae,"max, min",32.8,17,Cruz_et_al_2009,,,,,,
Masticophis,anthonyi,Animalia,Chordata,Reptilia,Squamata,Colubridae,max,NA,,,,,,,,
Masticophis,lateralis,Animalia,Chordata,Reptilia,Squamata,Colubridae,max,32.9,,Clusella-Trullas_et_al_2011,,,,,,
Meroles,suborbitalis,Animalia,Chordata,Reptilia,Squamata,Lacertidae,max,NA,,,,,36.8,124,Huey_and_Pianka_1977,summer mean
Phymaturus,tenebrosus,Animalia,Chordata,Reptilia,Squamata,Liolaemidae,"max, min",35.4,34,Cabezas-Cartes_et_al_2019,,,,,,
Phymaturus,tenebrosus,Animalia,Chordata,Reptilia,Squamata,Liolaemidae,"max, min",31.1,22,Cruz_et_al_2009,,,,,,
Morethia,butleri,Animalia,Chordata,Reptilia,Squamata,Scincidae,max,NA,,,,,33.6,,Meiri_et_al_2018,
Morethia,lineoocellata,Animalia,Chordata,Reptilia,Squamata,Scincidae,max,NA,,,,,NA,,,
Morethia,obscura,Animalia,Chordata,Reptilia,Squamata,Scincidae,max,NA,,,,,34.68,18,Pianka_2014,
Morethia,taeniopleura,Animalia,Chordata,Reptilia,Squamata,Scincidae,max,NA,,,,,NA,,,
Phymaturus,zapalensis,Animalia,Chordata,Reptilia,Squamata,Liolaemidae,"max, min",35.84,16,Duran_et_al_2018,,,,,,
Niveoscincus,coventryi,Animalia,Chordata,Reptilia,Squamata,Scincidae,max,NA,,,,,27,,Meiri_et_al_2018,
Platysaurus,intermedius,Animalia,Chordata,Reptilia,Squamata,Cordylidae,"max, min",31.5,,Clusella-Trullas_et_al_2007,Lailvaux et al. 2003,subspecies; wilhelmi,,,,
Plestiodon,chinensis,Animalia,Chordata,Reptilia,Squamata,Scincidae,"max, min",31.78,17,Shu_et_al_2010,,different food and temperaure treatments,,,,
Plestiodon,chinensis,Animalia,Chordata,Reptilia,Squamata,Scincidae,"max, min",31.85,17,Shu_et_al_2010,,different food and temperaure treatments,,,,
Plestiodon,chinensis,Animalia,Chordata,Reptilia,Squamata,Scincidae,"max, min",32.49,17,Shu_et_al_2010,,different food and temperaure treatments,,,,
Plestiodon,chinensis,Animalia,Chordata,Reptilia,Squamata,Scincidae,"max, min",30.22,17,Shu_et_al_2010,,different food and temperaure treatments,,,,
Plestiodon,elegans,Animalia,Chordata,Reptilia,Squamata,Scincidae,"max, min",NA,,,,,31,,Meiri_et_al_2018,
Pedioplanis,lineoocellata,Animalia,Chordata,Reptilia,Squamata,Lacertidae,max,NA,,,,,37.5,,Meiri_et_al_2018,
Petrosaurus,mearnsi,Animalia,Chordata,Reptilia,Squamata,Phrynosomatidae,max,NA,,,,,36,,Meiri_et_al_2018,
Plestiodon,gilberti,Animalia,Chordata,Reptilia,Squamata,Scincidae,"max, min",29.1,16,Tracy_2017,,,,,,
Phrynosoma,coronatum,Animalia,Chordata,Reptilia,Squamata,Phrynosomatidae,max,35,69,Ramirez_Enriquez_2018,,,,,,
Phrynosoma,platyrhinos,Animalia,Chordata,Reptilia,Squamata,Phrynosomatidae,max,36,211,Pianka_and_Parker_1975,,,,,,
Phrynosoma,platyrhinos,Animalia,Chordata,Reptilia,Squamata,Phrynosomatidae,max,36.8,NA,Clarke_1963,,,,,,
Phrynosoma,platyrhinos,Animalia,Chordata,Reptilia,Squamata,Phrynosomatidae,max,31.76,6,Kitchell_1969,,,,,,
Phyllorhynchus,decurtatus,Animalia,Chordata,Reptilia,Squamata,Colubridae,max,NA,,,,,,,,
Podarcis,muralis,Animalia,Chordata,Reptilia,Squamata,Lacertidae,"max, min",34.15,15,Bauwens_and_Garland_1995,,median body temp,,,,
Podarcis,muralis,Animalia,Chordata,Reptilia,Squamata,Lacertidae,"max, min",33.755,NA,Pafilis_et_al_2006,,,,,,
Protobothrops,mucrosquamatus,Animalia,Chordata,Reptilia,Squamata,Viperidae,"max, min",NA,,,,,,,,
Psammodromus,algirus,Animalia,Chordata,Reptilia,Squamata,Lacertidae,"max, min",35.19,33,Zamora-Camacho_et_al_2016,,across elevation,,,,
Psammodromus,algirus,Animalia,Chordata,Reptilia,Squamata,Lacertidae,"max, min",35.19,26,Zamora-Camacho_et_al_2016,,across elevation,,,,
Psammodromus,algirus,Animalia,Chordata,Reptilia,Squamata,Lacertidae,"max, min",35.13,28,Zamora-Camacho_et_al_2016,,across elevation,,,,
Psammodromus,algirus,Animalia,Chordata,Reptilia,Squamata,Lacertidae,"max, min",34.3,40,Zamora-Camacho_et_al_2016,,across elevation,,,,
Psammodromus,algirus,Animalia,Chordata,Reptilia,Squamata,Lacertidae,"max, min",34.81,39,Zamora-Camacho_et_al_2016,,across elevation,,,,
Psammodromus,algirus,Animalia,Chordata,Reptilia,Squamata,Lacertidae,"max, min",34.62,34,Zamora-Camacho_et_al_2016,,across elevation,,,,
Psammodromus,algirus,Animalia,Chordata,Reptilia,Squamata,Lacertidae,"max, min",35.6,13,Diaz_1997,,median selected Tb,,,,
Psammodromus,algirus,Animalia,Chordata,Reptilia,Squamata,Lacertidae,"max, min",35.4,13,Bauwens_and_Garland_1995,,Median tb,,,,
Psammodromus,hispanicus,Animalia,Chordata,Reptilia,Squamata,Lacertidae,"max, min",35.1,4,Bauwens_and_Garland_1995,,Median tb,,,,
Pseudemoia,entrecasteauxii,Animalia,Chordata,Reptilia,Squamata,Scincidae,"max, min",32.5,3,Bennett_and_John-Alder_1986,,,,,,
Pseudemoia,entrecasteauxii,Animalia,Chordata,Reptilia,Squamata,Scincidae,"max, min",33.9,4,Bennett_and_John-Alder_1986,,,,,,
Pseudemoia,entrecasteauxii,Animalia,Chordata,Reptilia,Squamata,Scincidae,"max, min",31,10,Bennett_and_John-Alder_1986,,,,,,
Pseudemoia,entrecasteauxii,Animalia,Chordata,Reptilia,Squamata,Scincidae,"max, min",32.63,32,Stapley_2006,,,,,,
Pseudemoia,spenceri,Animalia,Chordata,Reptilia,Squamata,Scincidae,"max, min",31,,Clusella-Trullas_et_al_2011,,,,,,
Pseudonaja,textilis,Animalia,Chordata,Reptilia,Squamata,Elapidae,"max, min",34.5,2,Lillywhite_1980,,,,,,
Pituophis,catenifer,Animalia,Chordata,Reptilia,Squamata,Colubridae,max,NA,,,,,29.3,17,Kapfer_et_al_2008,summer months only
Pituophis,catenifer,Animalia,Chordata,Reptilia,Squamata,Colubridae,max,NA,,,,,27.6,52,Kapfer_et_al_2008,summer months only
Pituophis,catenifer,Animalia,Chordata,Reptilia,Squamata,Colubridae,max,NA,,,,,25.9,53,Kapfer_et_al_2008,summer months only
Pituophis,catenifer,Animalia,Chordata,Reptilia,Squamata,Colubridae,max,NA,,,,,27.3,44,Kapfer_et_al_2008,summer months only
Pituophis,catenifer,Animalia,Chordata,Reptilia,Squamata,Colubridae,max,NA,,,,,28.6,82,Kapfer_et_al_2008,summer months only
Pituophis,catenifer,Animalia,Chordata,Reptilia,Squamata,Colubridae,max,NA,,,,,28.2,75,Kapfer_et_al_2008,summer months only
Pituophis,catenifer,Animalia,Chordata,Reptilia,Squamata,Colubridae,max,NA,,,,,26.8,105,Kapfer_et_al_2008,summer months only
Rankinia,diemensis,Animalia,Chordata,Reptilia,Squamata,Agamidae,"max, min",NA,,,,,,,,
Sceloporus,graciosus,Animalia,Chordata,Reptilia,Squamata,Phrynosomatidae,"max, min",34.6,7,Mueller_1970,,,,,,
Sceloporus,graciosus,Animalia,Chordata,Reptilia,Squamata,Phrynosomatidae,"max, min",29.7,8,Mueller_1970,,,,,,
Sceloporus,graciosus,Animalia,Chordata,Reptilia,Squamata,Phrynosomatidae,"max, min",29.4,8,Mueller_1970,,,,,,
Sceloporus,graciosus,Animalia,Chordata,Reptilia,Squamata,Phrynosomatidae,"max, min",32.3,11,Mueller_1970,,,,,,
Sceloporus,graciosus,Animalia,Chordata,Reptilia,Squamata,Phrynosomatidae,"max, min",33.8,8,Mueller_1970,,,,,,
Sceloporus,graciosus,Animalia,Chordata,Reptilia,Squamata,Phrynosomatidae,"max, min",33.2,11,Mueller_1970,,,,,,
Sceloporus,graciosus,Animalia,Chordata,Reptilia,Squamata,Phrynosomatidae,"max, min",34.2,8,Mueller_1970,,,,,,
Sceloporus,graciosus,Animalia,Chordata,Reptilia,Squamata,Phrynosomatidae,"max, min",30.6,11,Mueller_1970,,,,,,
Sceloporus,graciosus,Animalia,Chordata,Reptilia,Squamata,Phrynosomatidae,"max, min",33,8,Mueller_1970,,,,,,
Sceloporus,graciosus,Animalia,Chordata,Reptilia,Squamata,Phrynosomatidae,"max, min",36,4,Licht_1965,,,,,,
Sceloporus,graciosus,Animalia,Chordata,Reptilia,Squamata,Phrynosomatidae,"max, min",39,4,Licht_1965,,,,,,
Sceloporus,malachiticus,Animalia,Chordata,Reptilia,Squamata,Phrynosomatidae,"max, min",NA,,,,,31,,Meiri_et_al_2018,
Sceloporus,merriami,Animalia,Chordata,Reptilia,Squamata,Phrynosomatidae,"max, min",NA,,,,,34.6,,Meiri_et_al_2018,
Plestiodon,obsoletus,Animalia,Chordata,Reptilia,Squamata,Scincidae,max,NA,,,,,33,,Meiri_et_al_2018,
Plestiodon,skiltonianus,Animalia,Chordata,Reptilia,Squamata,Scincidae,max,29.1,13,Tracy_2017,,,,,,
Podarcis,bocagei,Animalia,Chordata,Reptilia,Squamata,Lacertidae,max,31.1,37,Sannolo_et_al_2018,,,,,,
Podarcis,bocagei,Animalia,Chordata,Reptilia,Squamata,Lacertidae,max,35.15,15,Bauwens_and_Garland_1995,,median Tb,,,,
Podarcis,lilfordi,Animalia,Chordata,Reptilia,Squamata,Lacertidae,max,32.85,20,Ortega_and_Perez-Mellado_2017,,mean Tb,,,,
Podarcis,lilfordi,Animalia,Chordata,Reptilia,Squamata,Lacertidae,max,34.1,44,Edward_1984,,different acclimation temperatures and weeks ,,,,
Podarcis,lilfordi,Animalia,Chordata,Reptilia,Squamata,Lacertidae,max,33.2,46,Edward_1984,,different acclimation temperatures and weeks ,,,,
Podarcis,lilfordi,Animalia,Chordata,Reptilia,Squamata,Lacertidae,max,34.5,34,Edward_1984,,different acclimation temperatures and weeks ,,,,
Podarcis,lilfordi,Animalia,Chordata,Reptilia,Squamata,Lacertidae,max,33.8,30,Edward_1984,,different acclimation temperatures and weeks ,,,,
Podarcis,lilfordi,Animalia,Chordata,Reptilia,Squamata,Lacertidae,max,33.5,34,Edward_1984,,different acclimation temperatures and weeks ,,,,
Podarcis,lilfordi,Animalia,Chordata,Reptilia,Squamata,Lacertidae,max,34.2,40,Edward_1984,,different acclimation temperatures and weeks ,,,,
Podarcis,lilfordi,Animalia,Chordata,Reptilia,Squamata,Lacertidae,max,35,11,Bauwens_and_Garland_1995,,median Tb,,,,
Sceloporus,occidentalis,Animalia,Chordata,Reptilia,Squamata,Phrynosomatidae,"max, min",35,14,Crowley_1985,Brattstrom 1965,,,,,
Sceloporus,occidentalis,Animalia,Chordata,Reptilia,Squamata,Phrynosomatidae,"max, min",33.8,14,Wilhoft_and_Anderson_1960,,different acclimation temperatures,,,,
Sceloporus,occidentalis,Animalia,Chordata,Reptilia,Squamata,Phrynosomatidae,"max, min",33.7,43,Wilhoft_and_Anderson_1960,,different acclimation temperatures,,,,
Sceloporus,occidentalis,Animalia,Chordata,Reptilia,Squamata,Phrynosomatidae,"max, min",33.2,25,Wilhoft_and_Anderson_1960,,different acclimation temperatures,,,,
Sceloporus,occidentalis,Animalia,Chordata,Reptilia,Squamata,Phrynosomatidae,"max, min",33.6,21,Wilhoft_and_Anderson_1960,,different acclimation temperatures,,,,
Sceloporus,occidentalis,Animalia,Chordata,Reptilia,Squamata,Phrynosomatidae,"max, min",30.1,52,Wilhoft_and_Anderson_1960,,different acclimation temperatures,,,,
Podarcis,tiliguerta,Animalia,Chordata,Reptilia,Squamata,Lacertidae,max,35.45,19,Bauwens_and_Garland_1995,,median Tb,,,,
Podarcis,tiliguerta,Animalia,Chordata,Reptilia,Squamata,Lacertidae,max,35.47,40,Van_Damme_et_al_1989,,,,,,
Podarcis,tiliguerta,Animalia,Chordata,Reptilia,Squamata,Lacertidae,max,35.5,56,Van_Damme_et_al_1989,,,,,,
Sceloporus,undulatus,Animalia,Chordata,Reptilia,Squamata,Phrynosomatidae,"max, min",34.5,,Crowley_1987,,"hydrated, active",,,,
Sceloporus,undulatus,Animalia,Chordata,Reptilia,Squamata,Phrynosomatidae,"max, min",32.4,,Crowley_1987,,"dessicated, active",,,,
Sceloporus,undulatus,Animalia,Chordata,Reptilia,Squamata,Phrynosomatidae,"max, min",29.6,,Crowley_1987,,"hydrated, inactive",,,,
Sceloporus,undulatus,Animalia,Chordata,Reptilia,Squamata,Phrynosomatidae,"max, min",28,,Crowley_1987,,"dessicated, inactive",,,,
Sceloporus,undulatus,Animalia,Chordata,Reptilia,Squamata,Phrynosomatidae,"max, min",35.2,40,Crowley_1985,,,,,,
Sceloporus,undulatus,Animalia,Chordata,Reptilia,Squamata,Phrynosomatidae,"max, min",35.4,60,Sartorius_2002,,,,,,
Sceloporus,undulatus,Animalia,Chordata,Reptilia,Squamata,Phrynosomatidae,"max, min",34-35,NA,Clarke_1963,,,,,,
Sceloporus,variabilis,Animalia,Chordata,Reptilia,Squamata,Phrynosomatidae,"max, min",NA,,,,,32.9,,Meiri_et_al_2018,
Sphaerodactylus,gaigeae,Animalia,Chordata,Reptilia,Squamata,Sphaerodactylidae,"max, min",31.6,NA,Martin_et_al_2008,,,,,,
Pseudechis,porphyriacus,Animalia,Chordata,Reptilia,Squamata,Elapidae,min,NA,,,,,,,,
Sphaerodactylus,klauberi,Animalia,Chordata,Reptilia,Squamata,Sphaerodactylidae,"max, min",30.8,NA,Martin_et_al_2008,,,,,,
Sphaerodactylus,macrolepis,Animalia,Chordata,Reptilia,Squamata,Sphaerodactylidae,"max, min",30.6,NA,Martin_et_al_2008,,,,,,
Pseudocordylus,melanotus,Animalia,Chordata,Reptilia,Squamata,Cordylidae,min,30.535,75,McConnachie_et_al_2009,,"subspecies, average across summer and winter",,,,
Pseudonaja,nuchalis,Animalia,Chordata,Reptilia,Squamata,Elapidae,min,NA,,,,,,,,
Sphaerodactylus,nicholsi,Animalia,Chordata,Reptilia,Squamata,Sphaerodactylidae,"max, min",32.6,NA,Martin_et_al_2008,,,,,,
Ptenopus,garrulus,Animalia,Chordata,Reptilia,Squamata,Gekkonidae,max,NA,,,,,21.9,,Meiri_et_al_2018,
Sphaerodactylus,roosevelti,Animalia,Chordata,Reptilia,Squamata,Sphaerodactylidae,"max, min",29.3,NA,Martin_et_al_2008,,,,,,
Rhinocheilus,lecontei,Animalia,Chordata,Reptilia,Squamata,Colubridae,max,NA,,,,,,,,
Saiphos,equalis,Animalia,Chordata,Reptilia,Squamata,Scincidae,max,20.8,14,Wu_et_al_2009,,,,,,
Saiphos,equalis,Animalia,Chordata,Reptilia,Squamata,Scincidae,max,19.5,9,Wu_et_al_2009,,,,,,
Saiphos,equalis,Animalia,Chordata,Reptilia,Squamata,Scincidae,max,22.1,5,Wu_et_al_2009,,,,,,
Saiphos,equalis,Animalia,Chordata,Reptilia,Squamata,Scincidae,max,19.8,5,Wu_et_al_2009,,,,,,
Saproscincus,basiliscus,Animalia,Chordata,Reptilia,Squamata,Scincidae,max,NA,,,,,,,,
Sphaerodactylus,townsendi,Animalia,Chordata,Reptilia,Squamata,Sphaerodactylidae,"max, min",28.7,NA,Martin_et_al_2008,,,,,,
Sceloporus,grammicus,Animalia,Chordata,Reptilia,Squamata,Phrynosomatidae,max,32.9,15,Lara-Resendiz_et_al_2014,,,,,,
Sceloporus,grammicus,Animalia,Chordata,Reptilia,Squamata,Phrynosomatidae,max,30.8,96,Vega-Perez_et_al_2019,,,,,,
Sceloporus,grammicus,Animalia,Chordata,Reptilia,Squamata,Phrynosomatidae,max,30.4,121,Vega-Perez_et_al_2019,,,,,,
Sceloporus,grammicus,Animalia,Chordata,Reptilia,Squamata,Phrynosomatidae,max,27.9,44,Vega-Perez_et_al_2019,,,,,,
Sceloporus,grammicus,Animalia,Chordata,Reptilia,Squamata,Phrynosomatidae,max,30.1,197,Vega-Perez_et_al_2019,,,,,,
Sceloporus,magister,Animalia,Chordata,Reptilia,Squamata,Phrynosomatidae,max,34.53,4,Parker_and_Pianka_1973,,different acclimation temperatures,,,,
Sceloporus,magister,Animalia,Chordata,Reptilia,Squamata,Phrynosomatidae,max,36.69,6,Parker_and_Pianka_1973,,,,,,
Sceloporus,magister,Animalia,Chordata,Reptilia,Squamata,Phrynosomatidae,max,33.2,36,Engbretson_and_Hutchinson_1974,,,,,,
Sceloporus,magister,Animalia,Chordata,Reptilia,Squamata,Phrynosomatidae,max,37.2,24,Sartorius_2002,,,,,,
Sphenomorphus,incognitus,Animalia,Chordata,Reptilia,Squamata,Scincidae,"max, min",NA,,,,,,,,
Sphenomorphus,indicus,Animalia,Chordata,Reptilia,Squamata,Scincidae,"max, min",26.48,16,Du_et_al_2006,,male,,,,
Sphenomorphus,indicus,Animalia,Chordata,Reptilia,Squamata,Scincidae,"max, min",24.91,16,Du_et_al_2006,,female,,,,
Sphenomorphus,indicus,Animalia,Chordata,Reptilia,Squamata,Scincidae,"max, min",25.7,51,Ji_et_al_1997,,,,,,
Takydromus,formosanus,Animalia,Chordata,Reptilia,Squamata,Lacertidae,"max, min",NA,,,,,,,,
Takydromus,hsuehshanensis,Animalia,Chordata,Reptilia,Squamata,Lacertidae,"max, min",32.1,21,Huang_et_al_2014,,,,,,
Takydromus,septentrionalis,Animalia,Chordata,Reptilia,Squamata,Lacertidae,"max, min",32.6,8,Yang_et_al_2008,,"different populations, sexes",,,,
Takydromus,septentrionalis,Animalia,Chordata,Reptilia,Squamata,Lacertidae,"max, min",33.8,9,Yang_et_al_2008,,"different populations, sexes",,,,
Takydromus,septentrionalis,Animalia,Chordata,Reptilia,Squamata,Lacertidae,"max, min",33.2,20,Yang_et_al_2008,,"different populations, sexes",,,,
Takydromus,septentrionalis,Animalia,Chordata,Reptilia,Squamata,Lacertidae,"max, min",33.2,24,Yang_et_al_2008,,"different populations, sexes",,,,
Takydromus,septentrionalis,Animalia,Chordata,Reptilia,Squamata,Lacertidae,"max, min",32.6,32,Yang_et_al_2008,,"different populations, sexes",,,,
Takydromus,septentrionalis,Animalia,Chordata,Reptilia,Squamata,Lacertidae,"max, min",33.1,44,Yang_et_al_2008,,"different populations, sexes",,,,
Takydromus,septentrionalis,Animalia,Chordata,Reptilia,Squamata,Lacertidae,"max, min",33.6,11,Yang_et_al_2008,,"different populations, sexes",,,,
Takydromus,septentrionalis,Animalia,Chordata,Reptilia,Squamata,Lacertidae,"max, min",33,7,Yang_et_al_2008,,"different populations, sexes",,,,
Sceloporus,woodi,Animalia,Chordata,Reptilia,Squamata,Phrynosomatidae,max,37.25,,Neel_2016,,,,,,
Scelotes,gronovii,Animalia,Chordata,Reptilia,Squamata,Scincidae,max,30.4,,Clusella-Trullas_et_al_2011,,,23,,Meiri_et_al_2018,
Takydromus,sexlineatus,Animalia,Chordata,Reptilia,Squamata,Lacertidae,"max, min",31.5,38,Zhang_and_Ji_2004,,,,,,
Takydromus,stejnegeri,Animalia,Chordata,Reptilia,Squamata,Lacertidae,"max, min",NA,,,,,NA,,,
Tarentola,boettgeri,Animalia,Chordata,Reptilia,Squamata,Gekkonidae,"max, min",33,,Clusella-Trullas_et_al_2011,,,19.8,,Meiri_et_al_2018,
Thamnophis,elegans,Animalia,Chordata,Reptilia,Squamata,Colubridae,"max, min",30.7,8,Scott_and_Pettus_1979,,sampled in different seasons,,,,
Thamnophis,elegans,Animalia,Chordata,Reptilia,Squamata,Colubridae,"max, min",24.5,8,Scott_and_Pettus_1979,,sampled in different seasons,,,,
Thamnophis,ordinoides,Animalia,Chordata,Reptilia,Squamata,Colubridae,"max, min",27.6,46,Stewart_1965,,,,,,
Thamnophis,sirtalis,Animalia,Chordata,Reptilia,Squamata,Colubridae,"max, min",28,4,Lysenko_and_Gillis_1980,,,,,,
Thamnophis,sirtalis,Animalia,Chordata,Reptilia,Squamata,Colubridae,"max, min",28.2,4,Lysenko_and_Gillis_1980,,,,,,
Thamnophis,sirtalis,Animalia,Chordata,Reptilia,Squamata,Colubridae,"max, min",25.7,4,Lysenko_and_Gillis_1980,,,,,,
Thamnophis,sirtalis,Animalia,Chordata,Reptilia,Squamata,Colubridae,"max, min",30.1,4,Lysenko_and_Gillis_1980,,,,,,
Thamnophis,sirtalis,Animalia,Chordata,Reptilia,Squamata,Colubridae,"max, min",29.29,6,Kitchell_1969,,,,,,
Thamnophis,sirtalis,Animalia,Chordata,Reptilia,Squamata,Colubridae,"max, min",29.74,21,Abney_2019,,subspecies:sirtalis,,,,
Thamnophis,sirtalis,Animalia,Chordata,Reptilia,Squamata,Colubridae,"max, min",29.4,20,Taylor_and_Davies_1981,,subspecies: parietalis,,,,
Tiliqua,nigrolutea,Animalia,Chordata,Reptilia,Squamata,Scincidae,"max, min",34.8,NA,Bennett_and_John-Alder_1986,,,,,,
Tiliqua,rugosa,Animalia,Chordata,Reptilia,Squamata,Scincidae,"max, min",32.6,10,Wilson_1974,,,,,,
Tiliqua,rugosa,Animalia,Chordata,Reptilia,Squamata,Scincidae,"max, min",33.8,13,Light_et_al_1966,,,,,,
Tiliqua,rugosa,Animalia,Chordata,Reptilia,Squamata,Scincidae,"max, min",21.9,10,Bennett_and_John-Alder_1986,,,,,,
Tiliqua,rugosa,Animalia,Chordata,Reptilia,Squamata,Scincidae,"max, min",32.6,10,Bennett_and_John-Alder_1986,"Wilson, 1974",,,,,
Storeria,occipitomaculata,Animalia,Chordata,Reptilia,Squamata,Colubridae,max,NA,,,,,NA,,,
Trapelus,savignii,Animalia,Chordata,Reptilia,Squamata,Agamidae,"max, min",NA,,,,,36,,Meiri_et_al_2018,
Uta,stansburiana,Animalia,Chordata,Reptilia,Squamata,Phrynosomatidae,"max, min",33.9‚Äì37.2,,Sartorius_et_al_1969,,range given,,,,
Uta,stansburiana,Animalia,Chordata,Reptilia,Squamata,Phrynosomatidae,"max, min",36.49‚Äì38.56,,Paranjpe_et_al_2013,,range given,,,,
Varanus,varius,Animalia,Chordata,Reptilia,Squamata,Varanidae,"max, min",NA,,,,,34.9,,Meiri_et_al_2018,
Xantusia,riversiana,Animalia,Chordata,Reptilia,Squamata,Xantusiidae,"max, min",31.3,36,Ehrenberger_2010,,multiple populatipns,,,,
Xantusia,riversiana,Animalia,Chordata,Reptilia,Squamata,Xantusiidae,"max, min",31.5,42,Ehrenberger_2010,,multiple populatipns,,,,
Xantusia,riversiana,Animalia,Chordata,Reptilia,Squamata,Xantusiidae,"max, min",31.6,33,Ehrenberger_2010,,multiple populatipns,,,,
Xantusia,riversiana,Animalia,Chordata,Reptilia,Squamata,Xantusiidae,"max, min",31.5,44,Ehrenberger_2010,,multiple populatipns,,,,
Xantusia,riversiana,Animalia,Chordata,Reptilia,Squamata,Xantusiidae,"max, min",32.5,41,Ehrenberger_2010,,multiple populatipns,,,,
Xantusia,riversiana,Animalia,Chordata,Reptilia,Squamata,Xantusiidae,"max, min",31.6,39,Ehrenberger_2010,,multiple populatipns,,,,
Xantusia,riversiana,Animalia,Chordata,Reptilia,Squamata,Xantusiidae,"max, min",31.7,42,Ehrenberger_2010,,multiple populatipns,,,,
Xantusia,vigilis,Animalia,Chordata,Reptilia,Squamata,Xantusiidae,"max, min",31,16,Kaufmann_and_Bennett_1989,,multiple acclimation temps,,,,
Xantusia,vigilis,Animalia,Chordata,Reptilia,Squamata,Xantusiidae,"max, min",32.94,16,Kaufmann_and_Bennett_1989,,multiple acclimation temps,,,,
Liolaemus,dorbignyi,Animalia,Chordata,Reptilia,Squamata,Iguanidae,"max, min",31.01,2,Labra_et_al_2008,Labra_et_al_2009,,,,,
Teratoscincus,przewalskii,Animalia,Chordata,Reptilia,Squamata,Gekkonidae,min,NA,,,,,20.2,,Meiri_et_al_2018,
Thamnophis,marcianus,Animalia,Chordata,Reptilia,Squamata,Colubridae,min,27.06,9,Jackson_2014,,,,,,
Thamnophis,marcianus,Animalia,Chordata,Reptilia,Squamata,Colubridae,min,27.29,8,Jackson_2014,,,,,,
Thamnophis,marcianus,Animalia,Chordata,Reptilia,Squamata,Colubridae,min,27.92,4,Jackson_2014,,,,,,
Thamnophis,marcianus,Animalia,Chordata,Reptilia,Squamata,Colubridae,min,27.93,9,Jackson_2014,,,,,,
Thamnophis,marcianus,Animalia,Chordata,Reptilia,Squamata,Colubridae,min,27.61,4,Jackson_2014,,,,,,
Thamnophis,marcianus,Animalia,Chordata,Reptilia,Squamata,Colubridae,min,27.45,9,Jackson_2014,,,,,,
Thamnophis,butleri,Animalia,Chordata,Reptilia,Squamata,Colubridae,min,NA,,,,,,,,
Thamnophis,melanogaster,Animalia,Chordata,Reptilia,Squamata,Colubridae,min,NA,,,,,,,,
Zootoca,vivipara,Animalia,Chordata,Reptilia,Squamata,Lacertidae,"max, min",31.31,,Blaimont_2019,,different popultations,,,,
Zootoca,vivipara,Animalia,Chordata,Reptilia,Squamata,Lacertidae,"max, min",31.6,,Blaimont_2019,,different popultations,,,,
Zootoca,vivipara,Animalia,Chordata,Reptilia,Squamata,Lacertidae,"max, min",32.31,,Blaimont_2019,,different popultations,,,,
Zootoca,vivipara,Animalia,Chordata,Reptilia,Squamata,Lacertidae,"max, min",31.07,,Blaimont_2019,,different popultations,,,,
Zootoca,vivipara,Animalia,Chordata,Reptilia,Squamata,Lacertidae,"max, min",31.55,,Blaimont_2019,,different popultations,,,,
Zootoca,vivipara,Animalia,Chordata,Reptilia,Squamata,Lacertidae,"max, min",34.95,42,Rechels_et_al_2021,,"from figure 4, mean across populations",,,,
Zootoca,vivipara,Animalia,Chordata,Reptilia,Squamata,Lacertidae,"max, min",31,12,Carretero_et_al_2009,Patterson & Davies 1978,,,,,
Zootoca,vivipara,Animalia,Chordata,Reptilia,Squamata,Lacertidae,"max, min",32.1,92,Carretero_et_al_2009,Van Damme et al. 1990,,,,,
Zootoca,vivipara,Animalia,Chordata,Reptilia,Squamata,Lacertidae,"max, min",32.3,151,Carretero_et_al_2009,Van Damme et al. 1990,,,,,
Zootoca,vivipara,Animalia,Chordata,Reptilia,Squamata,Lacertidae,"max, min",32.4,24,Carretero_et_al_2009,Gvozdik & Castilla 2001,,,,,
Zootoca,vivipara,Animalia,Chordata,Reptilia,Squamata,Lacertidae,"max, min",32.3,24,Carretero_et_al_2009,,,,,,
Zootoca,vivipara,Animalia,Chordata,Reptilia,Squamata,Lacertidae,"max, min",32.3,100,Carretero_et_al_2009,Van Damme et al. 1986,,,,,
Zootoca,vivipara,Animalia,Chordata,Reptilia,Squamata,Lacertidae,"max, min",33.3,128,Carretero_et_al_2009,Van Damme et al. 1986,,,,,
Zootoca,vivipara,Animalia,Chordata,Reptilia,Squamata,Lacertidae,"max, min",31.5,12,Carretero_et_al_2009,Gvozdik & Castilla 2001,,,,,
Zootoca,vivipara,Animalia,Chordata,Reptilia,Squamata,Lacertidae,"max, min",33.4,6,Carretero_et_al_2009,,,,,,
Zootoca,vivipara,Animalia,Chordata,Reptilia,Squamata,Lacertidae,"max, min",34,19,Carretero_et_al_2009,Van Damme et al. 1986,,,,,
Zootoca,vivipara,Animalia,Chordata,Reptilia,Squamata,Lacertidae,"max, min",32.7,60,Carretero_et_al_2009,Van Damme et al. 1986,,,,,
Zootoca,vivipara,Animalia,Chordata,Reptilia,Squamata,Lacertidae,"max, min",31.3,12,Carretero_et_al_2009,Gvozdik & Castilla 2001,,,,,
Zootoca,vivipara,Animalia,Chordata,Reptilia,Squamata,Lacertidae,"max, min",31.9,18,Carretero_et_al_2009,,,,,,
Zootoca,vivipara,Animalia,Chordata,Reptilia,Squamata,Lacertidae,"max, min",30.3,74,Carretero_et_al_2009,Van Damme et al. 1986,,,,,
Zootoca,vivipara,Animalia,Chordata,Reptilia,Squamata,Lacertidae,"max, min",30,10,Carretero_et_al_2009,Van Damme et al. 1986,,,,,
Zootoca,vivipara,Animalia,Chordata,Reptilia,Squamata,Lacertidae,"max, min",29.5,7,Carretero_et_al_2009,Gvozdik & Castilla 2001,,,,,
Zootoca,vivipara,Animalia,Chordata,Reptilia,Squamata,Lacertidae,"max, min",28.5,12,Carretero_et_al_2009,,,,,,
Zootoca,vivipara,Animalia,Chordata,Reptilia,Squamata,Lacertidae,"max, min",30.2375,48,Patterson_and_Davies_1978,,6 individuals measured 8 times over a few months,,,,
Zootoca,vivipara,Animalia,Chordata,Reptilia,Squamata,Lacertidae,"max, min",31.19,6,Le_Gaillard_et_al_2021,,"f, manipulated water levels",,,,
Zootoca,vivipara,Animalia,Chordata,Reptilia,Squamata,Lacertidae,"max, min",31.98,6,Le_Gaillard_et_al_2021,,"f, manipulated water levels",,,,
Zootoca,vivipara,Animalia,Chordata,Reptilia,Squamata,Lacertidae,"max, min",32.25,6,Le_Gaillard_et_al_2021,,"f, manipulated water levels",,,,
Zootoca,vivipara,Animalia,Chordata,Reptilia,Squamata,Lacertidae,"max, min",31.61,6,Le_Gaillard_et_al_2021,,"f, manipulated water levels",,,,
Zootoca,vivipara,Animalia,Chordata,Reptilia,Squamata,Lacertidae,"max, min",30.54,12,Le_Gaillard_et_al_2021,,"f, manipulated water levels",,,,
Zootoca,vivipara,Animalia,Chordata,Reptilia,Squamata,Lacertidae,"max, min",30.75,12,Le_Gaillard_et_al_2021,,"f, manipulated water levels",,,,
Zootoca,vivipara,Animalia,Chordata,Reptilia,Squamata,Lacertidae,"max, min",30.47,12,Le_Gaillard_et_al_2021,,"f, manipulated water levels",,,,
Zootoca,vivipara,Animalia,Chordata,Reptilia,Squamata,Lacertidae,"max, min",30.74,12,Le_Gaillard_et_al_2021,,"f, manipulated water levels",,,,
Zootoca,vivipara,Animalia,Chordata,Reptilia,Squamata,Lacertidae,"max, min",32.22,6,Le_Gaillard_et_al_2021,,"m, manipulated water levels",,,,
Zootoca,vivipara,Animalia,Chordata,Reptilia,Squamata,Lacertidae,"max, min",32.43,6,Le_Gaillard_et_al_2021,,"m, manipulated water levels",,,,
Zootoca,vivipara,Animalia,Chordata,Reptilia,Squamata,Lacertidae,"max, min",32.74,6,Le_Gaillard_et_al_2021,,"m, manipulated water levels",,,,
Zootoca,vivipara,Animalia,Chordata,Reptilia,Squamata,Lacertidae,"max, min",32.68,6,Le_Gaillard_et_al_2021,,"m, manipulated water levels",,,,
Zootoca,vivipara,Animalia,Chordata,Reptilia,Squamata,Lacertidae,"max, min",32.97,12,Le_Gaillard_et_al_2021,,"m, manipulated water levels",,,,
Zootoca,vivipara,Animalia,Chordata,Reptilia,Squamata,Lacertidae,"max, min",32.95,12,Le_Gaillard_et_al_2021,,"m, manipulated water levels",,,,
Zootoca,vivipara,Animalia,Chordata,Reptilia,Squamata,Lacertidae,"max, min",33.78,12,Le_Gaillard_et_al_2021,,"m, manipulated water levels",,,,
Zootoca,vivipara,Animalia,Chordata,Reptilia,Squamata,Lacertidae,"max, min",33.61,12,Le_Gaillard_et_al_2021,,"m, manipulated water levels",,,,
Zootoca,vivipara,Animalia,Chordata,Reptilia,Squamata,Lacertidae,"max, min",32.5,20,Bauwens_and_Garland_1995,,median Tb,,,,
Zootoca,vivipara,Animalia,Chordata,Reptilia,Squamata,Lacertidae,"max, min",33.3,22,Rozen-Rechels_et_al_2020,,different ages and populations,,,,
Zootoca,vivipara,Animalia,Chordata,Reptilia,Squamata,Lacertidae,"max, min",37,10,Rozen-Rechels_et_al_2020,,different ages and populations,,,,
Zootoca,vivipara,Animalia,Chordata,Reptilia,Squamata,Lacertidae,"max, min",34.5,45,Rozen-Rechels_et_al_2020,,different ages and populations,,,,
Zootoca,vivipara,Animalia,Chordata,Reptilia,Squamata,Lacertidae,"max, min",35.7,18,Rozen-Rechels_et_al_2020,,different ages and populations,,,,
Zootoca,vivipara,Animalia,Chordata,Reptilia,Squamata,Lacertidae,"max, min",34.3,45,Rozen-Rechels_et_al_2020,,different ages and populations,,,,
Zootoca,vivipara,Animalia,Chordata,Reptilia,Squamata,Lacertidae,"max, min",35.3,23,Rozen-Rechels_et_al_2020,,different ages and populations,,,,
Zootoca,vivipara,Animalia,Chordata,Reptilia,Squamata,Lacertidae,"max, min",34.4,24,Rozen-Rechels_et_al_2020,,different ages and populations,,,,
Zootoca,vivipara,Animalia,Chordata,Reptilia,Squamata,Lacertidae,"max, min",37.1,10,Rozen-Rechels_et_al_2020,,different ages and populations,,,,
Zootoca,vivipara,Animalia,Chordata,Reptilia,Squamata,Lacertidae,"max, min",34.3,45,Rozen-Rechels_et_al_2020,,different ages and populations,,,,
Zootoca,vivipara,Animalia,Chordata,Reptilia,Squamata,Lacertidae,"max, min",36,27,Rozen-Rechels_et_al_2020,,different ages and populations,,,,
Zootoca,vivipara,Animalia,Chordata,Reptilia,Squamata,Lacertidae,"max, min",32,15,Rozen-Rechels_et_al_2020,,different ages and populations,,,,
Zootoca,vivipara,Animalia,Chordata,Reptilia,Squamata,Lacertidae,"max, min",37.9,8,Rozen-Rechels_et_al_2020,,different ages and populations,,,,
Zootoca,vivipara,Animalia,Chordata,Reptilia,Squamata,Lacertidae,"max, min",34.7,46,Rozen-Rechels_et_al_2020,,different ages and populations,,,,
Zootoca,vivipara,Animalia,Chordata,Reptilia,Squamata,Lacertidae,"max, min",35.1,22,Rozen-Rechels_et_al_2020,,different ages and populations,,,,
Zootoca,vivipara,Animalia,Chordata,Reptilia,Squamata,Lacertidae,"max, min",33,24,Rozen-Rechels_et_al_2020,,different ages and populations,,,,
Zootoca,vivipara,Animalia,Chordata,Reptilia,Squamata,Lacertidae,"max, min",33.6,13,Rozen-Rechels_et_al_2020,,different ages and populations,,,,
Zootoca,vivipara,Animalia,Chordata,Reptilia,Squamata,Lacertidae,"max, min",32.5,32,Rozen-Rechels_et_al_2020,,different ages and populations,,,,
Zootoca,vivipara,Animalia,Chordata,Reptilia,Squamata,Lacertidae,"max, min",35.6,23,Rozen-Rechels_et_al_2020,,different ages and populations,,,,
Zootoca,vivipara,Animalia,Chordata,Reptilia,Squamata,Lacertidae,"max, min",33.8,25,Rozen-Rechels_et_al_2020,,different ages and populations,,,,
Zootoca,vivipara,Animalia,Chordata,Reptilia,Squamata,Lacertidae,"max, min",36.3,10,Rozen-Rechels_et_al_2020,,different ages and populations,,,,
Zootoca,vivipara,Animalia,Chordata,Reptilia,Squamata,Lacertidae,"max, min",34.4,24,Rozen-Rechels_et_al_2020,,different ages and populations,,,,
Zootoca,vivipara,Animalia,Chordata,Reptilia,Squamata,Lacertidae,"max, min",36.1,10,Rozen-Rechels_et_al_2020,,different ages and populations,,,,
Zootoca,vivipara,Animalia,Chordata,Reptilia,Squamata,Lacertidae,"max, min",34.2,25,Rozen-Rechels_et_al_2020,,different ages and populations,,,,
Zootoca,vivipara,Animalia,Chordata,Reptilia,Squamata,Lacertidae,"max, min",37.8,10,Rozen-Rechels_et_al_2020,,different ages and populations,,,,
Zootoca,vivipara,Animalia,Chordata,Reptilia,Squamata,Lacertidae,"max, min",35.1,48,Rozen-Rechels_et_al_2020,,different ages and populations,,,,
Zootoca,vivipara,Animalia,Chordata,Reptilia,Squamata,Lacertidae,"max, min",36,20,Rozen-Rechels_et_al_2020,,different ages and populations,,,,
Zootoca,vivipara,Animalia,Chordata,Reptilia,Squamata,Lacertidae,"max, min",32.4,50,Rozen-Rechels_et_al_2020,,different ages and populations,,,,
Zootoca,vivipara,Animalia,Chordata,Reptilia,Squamata,Lacertidae,"max, min",34.1,27,Rozen-Rechels_et_al_2020,,different ages and populations,,,,
Zootoca,vivipara,Animalia,Chordata,Reptilia,Squamata,Lacertidae,"max, min",34.2,45,Rozen-Rechels_et_al_2020,,different ages and populations,,,,
Zootoca,vivipara,Animalia,Chordata,Reptilia,Squamata,Lacertidae,"max, min",35.9,22,Rozen-Rechels_et_al_2020,,different ages and populations,,,,
Zootoca,vivipara,Animalia,Chordata,Reptilia,Squamata,Lacertidae,"max, min",34.7,17,Rozen-Rechels_et_al_2020,,different ages and populations,,,,
Zootoca,vivipara,Animalia,Chordata,Reptilia,Squamata,Lacertidae,"max, min",36.4,11,Rozen-Rechels_et_al_2020,,different ages and populations,,,,
Zootoca,vivipara,Animalia,Chordata,Reptilia,Squamata,Lacertidae,"max, min",33.5,25,Rozen-Rechels_et_al_2020,,different ages and populations,,,,
Zootoca,vivipara,Animalia,Chordata,Reptilia,Squamata,Lacertidae,"max, min",36.7,10,Rozen-Rechels_et_al_2020,,different ages and populations,,,,
Zootoca,vivipara,Animalia,Chordata,Reptilia,Squamata,Lacertidae,"max, min",34.5,97,Rozen-Rechels_et_al_2020,,different ages and populations,,,,
Zootoca,vivipara,Animalia,Chordata,Reptilia,Squamata,Lacertidae,"max, min",34.6,236,Rozen-Rechels_et_al_2020,,different ages and populations,,,,
Zootoca,vivipara,Animalia,Chordata,Reptilia,Squamata,Lacertidae,"max, min",33.8,45,Rozen-Rechels_et_al_2020,,different ages and populations,,,,
Zootoca,vivipara,Animalia,Chordata,Reptilia,Squamata,Lacertidae,"max, min",35.7,27,Rozen-Rechels_et_al_2020,,different ages and populations,,,,
Zootoca,vivipara,Animalia,Chordata,Reptilia,Squamata,Lacertidae,"max, min",33.4,16,Rozen-Rechels_et_al_2020,,different ages and populations,,,,
Zootoca,vivipara,Animalia,Chordata,Reptilia,Squamata,Lacertidae,"max, min",37,8,Rozen-Rechels_et_al_2020,,different ages and populations,,,,
Zootoca,vivipara,Animalia,Chordata,Reptilia,Squamata,Lacertidae,"max, min",33.7,24,Rozen-Rechels_et_al_2020,,different ages and populations,,,,
Zootoca,vivipara,Animalia,Chordata,Reptilia,Squamata,Lacertidae,"max, min",36.7,10,Rozen-Rechels_et_al_2020,,different ages and populations,,,,
Zootoca,vivipara,Animalia,Chordata,Reptilia,Squamata,Lacertidae,"max, min",32.3,14,Van_Damme_et_al_1990,,different populations,,,,
Zootoca,vivipara,Animalia,Chordata,Reptilia,Squamata,Lacertidae,"max, min",32.1,17,Van_Damme_et_al_1990,,different populations,,,,
Zootoca,vivipara,Animalia,Chordata,Reptilia,Squamata,Lacertidae,"max, min",33.14,200,Artacho_et_al_2013,,,,,,
Thamnophis,radix,Animalia,Chordata,Reptilia,Squamata,Colubridae,min,NA,,,,,NA,,,
Anolis,cupreus,Animalia,Chordata,Reptilia,Squamata,Dactyloidae,"max, min",NA,,,,,27.9,,Meiri_et_al_2018,
Anolis,humilis,Animalia,Chordata,Reptilia,Squamata,Dactyloidae,"max, min",NA,,,,,24,,Meiri_et_al_2018,
Tiliqua,scincoides,Animalia,Chordata,Reptilia,Squamata,Scincidae,max,29.3,2,Myhre_and_Hammel_1969,,,,,,
Trachylepis,capensis,Animalia,Chordata,Reptilia,Squamata,Scincidae,max,NA,,,,,NA,,,
Anolis,intermedius,Animalia,Chordata,Reptilia,Squamata,Dactyloidae,"max, min",NA,,,,,25.5,,Meiri_et_al_2018,
Uma,inornata,Animalia,Chordata,Reptilia,Squamata,Phrynosomatidae,max,37,11,Crowley_1985,Brattstrom 1965,,,,,
Urosaurus,auriculatus,Animalia,Chordata,Reptilia,Squamata,Phrynosomatidae,max,NA,,,,,,,,
Urosaurus,clarionensis,Animalia,Chordata,Reptilia,Squamata,Phrynosomatidae,max,NA,,,,,,,,
Urosaurus,ornatus,Animalia,Chordata,Reptilia,Squamata,Phrynosomatidae,max,35.6,116,Sartorius_2002,,tsel as a range,,,,
Urosaurus,ornatus,Animalia,Chordata,Reptilia,Squamata,Phrynosomatidae,max,36.03,206,Gilbert_2020,,selection experiment,,,,
Urosaurus,ornatus,Animalia,Chordata,Reptilia,Squamata,Phrynosomatidae,max,36.9,89,Gilbert_2020,,selection experiment,,,,
Urosaurus,ornatus,Animalia,Chordata,Reptilia,Squamata,Phrynosomatidae,max,35.36,117,Gilbert_2020,,selection experiment,,,,
Anolis,lemurinus,Animalia,Chordata,Reptilia,Squamata,Dactyloidae,"max, min",NA,,,,,21,,Meiri_et_al_2018,
Varanus,gouldii,Animalia,Chordata,Reptilia,Squamata,Varanidae,max,35.1,,Clusella-Trullas_et_al_2011,,,31.5,,Meiri_et_al_2018,
Anolis,limifrons,Animalia,Chordata,Reptilia,Squamata,Dactyloidae,"max, min",26.27,8,Rosso_2020,,"different acclimation temperatures, averaged across before+after treatment",,,,
Anolis,limifrons,Animalia,Chordata,Reptilia,Squamata,Dactyloidae,"max, min",25.63,8,Rosso_2020,,"different acclimation temperatures, averaged across before+after treatment",,,,
Xantusia,henshawi,Animalia,Chordata,Reptilia,Squamata,Xantusiidae,max,27.2,18,Mautz_and_Case_1974,,,,,,
Anolis,tropidolepis,Animalia,Chordata,Reptilia,Squamata,Dactyloidae,"max, min",NA,,,,,19.5,NA,Fitch_1957,
Lepidodactylus,lugubris,Animalia,Chordata,Reptilia,Squamata,Gekkonidae,"max, min",31.08,20,Bolger_and_Case_1994,,,,,,
Cyrtodactylus,philippinicus,Animalia,Chordata,Reptilia,Squamata,Gekkonidae,max,NA,,,,,,,,
Lipinia,pulchella,Animalia,Chordata,Reptilia,Squamata,Scincidae,max,NA,,,,,,,,
Apteropanorpa,tasmanica,Animalia,Arthropoda,Insecta,Mecoptera,Apteropanorpidae,NA,NA,,,,,,,,
Phymaturus,patagonicus,Animalia,Chordata,Reptilia,Squamata,Liolaemidae,"max, min",31.13,14,Ibarguengoytia_2005,,,,,,
Eremiascincus,richardsoni,Animalia,Chordata,Reptilia,Squamata,Scincidae,"max, min",24.6,1,Bennett_and_John-Alder_1986,,,,,,
Eremiascincus,richardsoni,Animalia,Chordata,Reptilia,Squamata,Scincidae,"max, min",27.3,1,Bennett_and_John-Alder_1986,,,,,,
Hemiergis,peroni,Animalia,Chordata,Reptilia,Squamata,Scincidae,"max, min",23.5,10,Bennett_and_John-Alder_1986,,,,,,
Hemiergis,peroni,Animalia,Chordata,Reptilia,Squamata,Scincidae,"max, min",20.3,10,Bennett_and_John-Alder_1986,,,,,,
Saproscincus,mustelina,Animalia,Chordata,Reptilia,Squamata,Scincidae,"max, min",NA,,,,,NA,,,
Sphenomorphus,taiwanensis,Animalia,Chordata,Reptilia,Squamata,Scincidae,"max, min",NA,,,,,NA,,,
Anolis,auratus,Animalia,Chordata,Reptilia,Squamata,Dactyloidae,max,NA,,,,,32.3,,Meiri_et_al_2018,
Trachylepis,striata,Animalia,Chordata,Reptilia,Squamata,Scincidae,"max, min",35.2,,Clusella-Trullas_et_al_2011,,,36.5,,Meiri_et_al_2018,
Anolis,distichus,Animalia,Chordata,Reptilia,Squamata,Dactyloidae,max,30.96,20,Corn_1971,,,,,,
Trimeresurus,gracilis,Animalia,Chordata,Reptilia,Squamata,Viperidae,"max, min",NA,,,,,,,,
Trimeresurus,stejnegeri,Animalia,Chordata,Reptilia,Squamata,Viperidae,"max, min",23,18,Tsai_and_Tu_2005,,,,,,
Trimeresurus,stejnegeri,Animalia,Chordata,Reptilia,Squamata,Viperidae,"max, min",25,36,Tsai_and_Tu_2005,,,,,,
Agroeca,proxima,Animalia,Arthropoda,Arachnida,Araneae,Liocranidae,"max, min",NA,,,,,,,,
Clubiona,diversa,Animalia,Arthropoda,Arachnida,Araneae,Clubionidae,"max, min",NA,,,,,,,,
Anolis,pentaprion,Animalia,Chordata,Reptilia,Squamata,Dactyloidae,max,NA,,,,,28,,Meiri_et_al_2018,
Anolis,sagrei,Animalia,Chordata,Reptilia,Squamata,Dactyloidae,max,36.5,15,Ryan_and_Gunderson_2020,,different acclimation temperatures,,,,
Anolis,sagrei,Animalia,Chordata,Reptilia,Squamata,Dactyloidae,max,35.2,15,Ryan_and_Gunderson_2020,,different acclimation temperatures,,,,
Anolis,sagrei,Animalia,Chordata,Reptilia,Squamata,Dactyloidae,max,34.8,15,Ryan_and_Gunderson_2020,,different acclimation temperatures,,,,
Anolis,sagrei,Animalia,Chordata,Reptilia,Squamata,Dactyloidae,max,31.11,63,Neel_et_al_2021,,,,,,
Anolis,tropidogaster,Animalia,Chordata,Reptilia,Squamata,Dactyloidae,max,NA,,,,,,,,
Crustulina,guttata,Animalia,Arthropoda,Arachnida,Araneae,Theridiidae,"max, min",NA,,,,,,,,
Oedothorax,apicatus,Animalia,Arthropoda,Arachnida,Araneae,Linyphiidae,"max, min",NA,,,,,,,,
Liolaemus,altissimus,Animalia,Chordata,Reptilia,Squamata,Iguanidae,min,NA,,,,,,,,
Pardosa,nigriceps,Animalia,Arthropoda,Arachnida,Araneae,Lycosidae,"max, min",21,,Almquist_1970,,,,,,
Carlia,schmeltzi,Animalia,Chordata,Reptilia,Squamata,Scincidae,max,NA,,,,,,,,
Ctenotus,essingtoni,Animalia,Chordata,Reptilia,Squamata,Scincidae,max,NA,,,,,,,,
Philodromus,aureolus,Animalia,Arthropoda,Arachnida,Araneae,Philodromidae,"max, min",NA,,,,,,,,
Prinerigone,vagans,Animalia,Arthropoda,Arachnida,Araneae,Linyphiidae,"max, min",NA,,,,,,,,
Lerista,bougainvilli,Animalia,Chordata,Reptilia,Squamata,Scincidae,max,30.7,,Clusella-Trullas_et_al_2011,,,,,,
Oligosoma,maccanni,Animalia,Chordata,Reptilia,Squamata,Scincidae,min,28.9,9,Hare_et_al_2009,pregnant,,,,,
Oligosoma,maccanni,Animalia,Chordata,Reptilia,Squamata,Scincidae,min,24.4,14,Besson_and_Cree_2011,,,,,,
Scotina,gracilipes,Animalia,Arthropoda,Arachnida,Araneae,Liocranidae,"max, min",NA,,,,,,,,
Saproscincus,tetradactyla,Animalia,Chordata,Reptilia,Squamata,Scincidae,max,NA,,,,,,,,
Stemonyphantes,lineatus,Animalia,Arthropoda,Arachnida,Araneae,Linyphiidae,"max, min",NA,,,,,,,,
Linepithema,humile,Animalia,Arthropoda,Insecta,Hymenoptera,Formicidae,"max, min",NA,,,,,,,,
Tropidophorus,queenslandiae,Animalia,Chordata,Reptilia,Squamata,Scincidae,max,NA,,,,,,,,
Typhlacontias,brevipes,Animalia,Chordata,Reptilia,Squamata,Scincidae,max,30.8,,Clusella-Trullas_et_al_2011,,,,,,
Cnemidophorus,sexlineatus,Animalia,Chordata,Reptilia,Squamata,Teiidae,max,33.5,10,Witz_2005,,,,,,
Cnemidophorus,sexlineatus,Animalia,Chordata,Reptilia,Squamata,Teiidae,max,36.8,10,Witz_2005,,,,,,
Parvoscincus,decipiens,Animalia,ChordataÊ¢ß,Reptilia,Squamata,Scincidae,max,NA,,,,,,,,
Pinoyscincus,abdictus,Animalia,ChordataÊ¢ß,Reptilia,Squamata,Scincidae,max,NA,,,,,,,,
Pinoyscincus,jagori,Animalia,ChordataÊ¢ß,Reptilia,Squamata,Scincidae,max,NA,,,,,23.1,,Meiri_et_al_2018,
Myrmecocystus,mimicus,Animalia,Arthropoda,Insecta,Hymenoptera,Formicidae,"max, min",27,NA,Kay_1974,,,,,,
Clubiona,trivialis,Animalia,Arthropoda,Arachnida,Araneae,Clubionidae,"max, min",16,NA,Alfaro_et_al_2013,,,,,,
Eciton,burchellii,Animalia,Arthropoda,Insecta,Hymenoptera,Formicidae,NA,NA,,,,,,,,